First Name,Last Name,Height,Flavour,Country of Origin,Favorite Icecream,Like Liquorice,Times Visited Italy,First Time London,Steps per Day
Stacy,Martinez,180.05,Chocolate,Sweden,Vanilla,1,3,1,12737
April,Duffy,166.03,Vanilla,USA,Stracciatella,1,2,1,10302
Travis,Dean,170.37,Chocolate,Italy,Chocolate,0,2,0,6715
Jennifer,Davis,185.16,Neapolitan,France,Chocolate,0,2,0,5772
Samuel,Williams,183.13,Rocky Road,Germany,Stracciatella,0,0,0,6199
Michael,Young,159.99,Chocolate,Canada,Stracciatella,1,1,1,10842
Jacob,Zamora,178.9,Pistachio,Norway,Pistachio,1,0,0,10467
Daniel,Vance,175.45,Vanilla,Canada,Pistachio,0,0,0,4337
Joan,Oconnell,162.75,Neapolitan,Brazil,Vanilla,1,4,0,7653
Jeremiah,Harvey,176.82,Mint Chocolate Chip,USA,Vanilla,0,0,0,7096
Vanessa,Garcia,168.67,Cookies and Cream,France,Chocolate,0,2,0,5969
Richard,Brown,172.8,Cookies and Cream,Japan,Pistachio,1,1,0,9835
Tina,Johnson,164.5,Chocolate,USA,Pistachio,0,0,0,3475
Mark,Lewis,170.32,Pistachio,France,Stracciatella,1,1,0,11298
Jessica,Davis,172.13,French Vanilla,Sweden,Stracciatella,1,2,0,9084
Stephanie,Malone,166.79,Neapolitan,Japan,Mint,0,0,0,12614
Gloria,Ayala,155.96,Vanilla,France,Mint,0,0,1,8261
Anne,Clark,185.2,Neapolitan,UK,Strawberry,0,2,1,7102
Dawn,Holland,173.65,Butter Pecan,Denmark,Vanilla,1,2,0,9504
Tammie,Johnson,179.27,Mint Chocolate Chip,Denmark,Chocolate,1,2,0,11474
Teresa,Thomas,154.61,French Vanilla,Norway,Mint,1,2,0,11821
Michele,Patterson,185.25,Rocky Road,China,Strawberry,0,0,0,7124
Erica,Dunn,177.59,French Vanilla,Germany,Chocolate,0,1,0,7516
Chelsea,Hunter,167.65,Rocky Road,Denmark,Strawberry,1,4,0,9212
Theresa,Ward,166.58,Chocolate,Canada,Vanilla,0,0,1,8180
Douglas,Adams,161.22,Chocolate,Brazil,Vanilla,1,0,0,15389
Carrie,Ramos,165.55,French Vanilla,China,Strawberry,0,0,0,11428
Ana,Peck,170.77,Mint Chocolate Chip,UK,Strawberry,0,3,1,10255
Scott,Bridges,174.67,Cookies and Cream,Denmark,Vanilla,1,0,0,5028
Lisa,Rodriguez,165.94,Mint Chocolate Chip,Norway,Mint,1,2,0,6301
Wendy,Bell,163.22,Cookies and Cream,Japan,Vanilla,0,1,0,9861
Elizabeth,Wells,164.23,French Vanilla,Brazil,Vanilla,1,0,1,7517
Christopher,Perkins,169.95,Vanilla,Japan,Strawberry,0,1,0,8682
Nathaniel,Haas,176.12,French Vanilla,Finland,Stracciatella,1,1,0,11921
Gavin,Howard,163.09,Pistachio,UK,Strawberry,0,2,1,9565
Robert,Harris,160.43,Vanilla,UK,Chocolate,0,2,1,8890
Kathryn,Fisher,174.51,Cookies and Cream,Norway,Vanilla,1,2,1,8524
Donna,Williams,180.65,Chocolate,USA,Stracciatella,0,1,0,4349
Hailey,Watson,173.85,Vanilla,France,Strawberry,0,3,0,5397
Barbara,Bradley,158.99,Butter Pecan,Canada,Chocolate,0,0,0,8437
Kevin,Wells,149.52,Rocky Road,Finland,Vanilla,0,4,0,3780
Evelyn,Gilmore,167.35,Butter Pecan,Brazil,Strawberry,0,0,1,7896
Maria,Williams,181.88,Cookies and Cream,Australia,Stracciatella,0,0,0,7627
Matthew,Reyes,181.55,French Vanilla,Finland,Strawberry,0,3,0,10221
Desiree,Howard,169.56,Chocolate,Germany,Strawberry,0,1,0,9890
Melissa,Scott,187.15,Butter Pecan,China,Chocolate,1,2,0,13288
Regina,Faulkner,161.1,Rocky Road,Sweden,Strawberry,1,3,0,9545
Larry,Rodriguez,167.74,Butter Pecan,Norway,Stracciatella,1,4,0,9541
Kayla,Morgan,191.45,Rocky Road,Sweden,Vanilla,1,2,1,6543
Sydney,Berger,170.19,Butter Pecan,UK,Stracciatella,0,2,1,8245
Nicole,Peterson,173.13,Pistachio,Germany,Pistachio,1,0,0,5320
Carol,Barnett,156.19,French Vanilla,Norway,Chocolate,1,2,1,6995
Dylan,Wilson,170.39,Butter Pecan,Germany,Mint,1,3,0,1924
Diana,Green,166.51,French Vanilla,Brazil,Strawberry,0,0,0,8559
Adam,Smith,169.0,Rocky Road,Sweden,Stracciatella,1,0,0,9514
Maria,Johnson,151.69,Butter Pecan,Japan,Chocolate,0,0,1,10597
Jennifer,Lopez,163.61,French Vanilla,Sweden,Strawberry,1,3,0,9131
Melissa,Cohen,158.57,French Vanilla,Finland,Vanilla,1,1,0,12954
Alexander,Hughes,167.78,Rocky Road,France,Vanilla,0,0,1,9331
Melissa,Hernandez,176.87,Mint Chocolate Chip,Denmark,Strawberry,1,0,0,10323
Christian,Baldwin,159.96,Cookies and Cream,Brazil,Strawberry,0,0,0,12897
Katie,Nunez,160.36,Butter Pecan,Canada,Chocolate,0,0,0,3709
Jeffrey,Stewart,187.85,Rocky Road,UK,Stracciatella,0,3,1,8597
Phillip,Garcia,158.27,Rocky Road,China,Chocolate,1,0,0,6199
Brianna,Banks,173.15,Cookies and Cream,Sweden,Mint,1,2,0,7544
Christopher,Monroe,155.61,Butter Pecan,Brazil,Stracciatella,0,1,1,9764
Jeffrey,Shelton,173.71,Vanilla,Australia,Chocolate,1,0,1,6540
Tonya,Mccarthy,153.92,Vanilla,Italy,Mint,0,0,0,8622
Kimberly,Romero,171.85,Neapolitan,Germany,Chocolate,0,0,0,10698
David,Underwood,163.27,French Vanilla,Norway,Pistachio,1,2,0,8921
Melissa,Miller,170.02,Rocky Road,Japan,Strawberry,0,1,0,5992
David,Smith,170.39,Vanilla,Norway,Pistachio,0,4,0,11485
Jose,Vazquez,178.33,Pistachio,Brazil,Pistachio,0,1,0,8972
Daniel,Greene,180.17,Strawberry,Brazil,Strawberry,0,0,0,7609
Eric,Baldwin,182.13,Chocolate,France,Chocolate,0,1,0,10312
Jeffery,Cook,157.64,Chocolate,Japan,Mint,0,0,0,10001
Peter,Brown,169.24,Rocky Road,Canada,Vanilla,1,0,0,7072
Zachary,Juarez,169.58,Pistachio,Finland,Vanilla,1,1,0,10411
Abigail,Henderson,155.07,Vanilla,Germany,Stracciatella,1,0,0,6586
Karen,Miller,182.16,Mint Chocolate Chip,Germany,Stracciatella,1,3,0,8696
Chase,Jones,187.69,Strawberry,Brazil,Pistachio,0,1,1,8932
Kaylee,Fuller,176.93,Butter Pecan,Canada,Mint,0,1,0,12426
Jennifer,Mills,163.47,Neapolitan,Brazil,Pistachio,1,0,1,11813
Glen,Glass,180.59,Butter Pecan,Australia,Pistachio,0,1,0,10312
Melissa,Turner,168.12,Chocolate,Italy,Stracciatella,0,1,0,8672
Samuel,Young,183.28,Cookies and Cream,Japan,Vanilla,1,0,0,8037
Caleb,Carr,186.94,Neapolitan,Sweden,Stracciatella,1,3,0,7667
Thomas,Barnes,162.41,Neapolitan,Canada,Stracciatella,0,0,1,10928
Anna,Hanson,167.45,Chocolate,Japan,Strawberry,0,0,0,2261
Lisa,Little,179.0,French Vanilla,Denmark,Stracciatella,1,1,0,9087
Robert,Johnson,161.69,Pistachio,China,Vanilla,0,2,0,11538
Lauren,Patterson,163.43,Vanilla,Italy,Stracciatella,1,5,0,6592
Allison,Armstrong,163.08,Vanilla,Brazil,Chocolate,0,0,0,8015
Daniel,Garcia,163.61,Neapolitan,Australia,Vanilla,0,2,0,8140
Linda,Stark,159.92,Neapolitan,Norway,Stracciatella,1,2,0,3397
Katherine,Cherry,179.83,Cookies and Cream,Italy,Chocolate,0,4,0,11833
Brandon,Atkins,169.74,Mint Chocolate Chip,Japan,Chocolate,0,0,1,12467
Andrew,Washington,181.03,Mint Chocolate Chip,Japan,Vanilla,0,0,1,10633
Erin,White,174.41,Pistachio,Finland,Stracciatella,1,2,0,8600
Jeffrey,Evans,156.04,Cookies and Cream,Italy,Stracciatella,0,3,0,1487
Beth,May,153.28,Mint Chocolate Chip,Finland,Stracciatella,1,1,0,1797
Sharon,Gray,163.91,Neapolitan,Japan,Pistachio,0,0,1,7732
Jennifer,Wright,160.3,Pistachio,France,Chocolate,1,0,1,9099
John,Brown,184.74,French Vanilla,China,Chocolate,1,0,0,5180
Beth,Wade,162.21,Butter Pecan,Japan,Pistachio,0,1,1,5553
Benjamin,Watson,168.93,Cookies and Cream,USA,Pistachio,1,0,0,6322
Daniel,Mclaughlin,175.58,Chocolate,China,Mint,0,0,0,7694
Jessica,May,168.84,Rocky Road,USA,Vanilla,0,1,0,8126
Amber,Patel,174.8,Rocky Road,China,Strawberry,0,0,0,9842
Phillip,Goodman,158.48,Rocky Road,France,Vanilla,1,1,0,10272
Megan,Harris,146.5,Vanilla,France,Pistachio,0,2,1,10554
Jill,Garcia,177.31,Chocolate,Canada,Vanilla,0,0,0,5036
Stephanie,Francis,172.88,Mint Chocolate Chip,Norway,Mint,1,2,0,7439
Mark,Prince,156.3,Mint Chocolate Chip,Finland,Vanilla,1,1,1,7856
Norman,Ramirez,186.61,Chocolate,Denmark,Pistachio,1,4,0,12569
William,Andrews,170.86,Rocky Road,Denmark,Chocolate,1,0,0,9616
Blake,Miller,170.35,Chocolate,Germany,Stracciatella,0,2,0,3804
Shirley,Munoz,164.21,Vanilla,Australia,Pistachio,1,0,0,9688
Elizabeth,Johnson,183.65,Rocky Road,Germany,Strawberry,1,1,1,1000
Regina,Trujillo,175.51,Vanilla,Japan,Pistachio,0,0,0,10053
Erin,Schmitt,158.27,Neapolitan,Brazil,Chocolate,0,2,1,9584
Amy,Black,171.62,Cookies and Cream,Japan,Stracciatella,0,0,0,8622
James,Henderson,167.56,French Vanilla,Norway,Chocolate,1,1,0,3117
Kimberly,Keller,178.99,Mint Chocolate Chip,Norway,Strawberry,1,2,1,8144
Frank,Flores,180.61,Butter Pecan,Brazil,Stracciatella,0,0,1,5418
Tammy,Roman,180.92,Mint Chocolate Chip,Sweden,Strawberry,1,3,0,6846
Anthony,Ramirez,163.51,Cookies and Cream,Australia,Pistachio,0,0,0,2689
Daniel,Bowers,173.53,Rocky Road,Australia,Vanilla,0,2,0,4902
Drew,Sanford,176.6,Butter Pecan,France,Chocolate,0,1,0,11503
Andrew,Roy,162.3,French Vanilla,Canada,Strawberry,1,1,1,8763
Michele,Kelly,174.57,Vanilla,USA,Pistachio,1,1,0,10613
Marie,Woods,163.47,Cookies and Cream,Japan,Chocolate,0,1,0,7021
David,Nguyen,187.95,Mint Chocolate Chip,UK,Chocolate,0,2,1,8980
William,Hanson,171.33,Rocky Road,USA,Vanilla,0,0,0,7342
Kendra,Shea,157.31,French Vanilla,Norway,Stracciatella,1,0,0,3564
Wendy,Martinez,154.63,Vanilla,USA,Chocolate,1,1,0,11431
Nicole,Acevedo,153.02,Cookies and Cream,Canada,Vanilla,0,1,0,10491
Haley,Smith,173.29,Vanilla,Finland,Strawberry,1,3,0,5431
Deborah,Peterson,169.57,Chocolate,Canada,Pistachio,1,1,0,6667
Lacey,Nguyen,178.82,Rocky Road,France,Strawberry,0,4,0,9131
Marie,Kirk,188.36,Strawberry,Sweden,Mint,1,2,0,9963
David,Osborn,160.03,Chocolate,France,Pistachio,1,3,0,7833
Kent,Baker,183.76,Pistachio,Germany,Stracciatella,0,4,0,3975
Karen,Schneider,173.07,Mint Chocolate Chip,UK,Pistachio,0,3,1,13660
Cassandra,Schwartz,164.94,Chocolate,Australia,Chocolate,0,1,0,8167
Gina,Lyons,177.49,Chocolate,Denmark,Mint,1,1,0,11282
Matthew,Rocha,161.81,Pistachio,Denmark,Mint,1,0,0,10556
Christine,Williams,174.8,Cookies and Cream,France,Vanilla,0,1,0,1037
Joel,Elliott,176.39,Strawberry,Canada,Stracciatella,0,0,0,7262
Christopher,Mendez,165.77,Mint Chocolate Chip,Brazil,Strawberry,0,0,0,7181
Heather,Webb,163.33,Butter Pecan,Brazil,Mint,0,0,0,7193
Jose,May,181.68,Mint Chocolate Chip,Australia,Stracciatella,1,1,0,4680
Aaron,Williams,178.01,Neapolitan,USA,Stracciatella,1,1,0,6279
Kristen,Williams,163.27,Strawberry,Sweden,Stracciatella,1,2,0,6359
Tiffany,Schwartz,173.38,Strawberry,Canada,Vanilla,0,0,0,11738
Maria,Mullins,173.94,Vanilla,Brazil,Stracciatella,1,0,0,1779
Jessica,Ashley,150.88,Chocolate,China,Vanilla,0,0,0,4668
Tammy,Christian,168.51,Mint Chocolate Chip,France,Chocolate,1,1,0,13256
Melissa,Kennedy,180.66,Vanilla,France,Pistachio,1,1,0,6426
Andrew,Sanchez,166.22,Cookies and Cream,Australia,Chocolate,0,0,1,9468
Carla,Wang,157.26,Chocolate,Brazil,Chocolate,0,2,0,4756
Keith,Williamson,176.9,Vanilla,Italy,Strawberry,0,0,1,9847
Austin,Leblanc,174.63,Neapolitan,Australia,Chocolate,0,0,1,2990
Catherine,Sherman,153.88,Mint Chocolate Chip,Finland,Vanilla,1,2,0,13294
Brenda,Novak,175.34,Chocolate,Australia,Pistachio,0,0,0,11740
Erin,Lee,174.01,Chocolate,Canada,Vanilla,0,0,0,1490
Allison,Barajas,169.55,French Vanilla,Sweden,Pistachio,1,1,0,8342
Lisa,Blair,167.57,Rocky Road,Finland,Vanilla,1,0,0,8450
Nicole,Bass,158.4,Vanilla,Canada,Chocolate,0,1,1,4134
Scott,Hart,155.78,Vanilla,Germany,Mint,0,0,0,8302
Michelle,Harrison,173.39,Vanilla,Australia,Mint,1,0,0,14016
Nicholas,Schwartz,178.47,Pistachio,France,Mint,0,1,1,10152
Daniel,Washington,173.73,Chocolate,USA,Chocolate,0,1,0,4988
Samuel,Callahan,169.23,Cookies and Cream,Brazil,Vanilla,0,0,0,9530
Gabriela,Garcia,164.25,Butter Pecan,Brazil,Strawberry,0,0,1,6955
Amanda,Hall,174.06,Cookies and Cream,Denmark,Mint,1,1,0,8595
Michael,Yoder,172.28,Cookies and Cream,Italy,Mint,0,2,0,8285
Shelly,Rivas,171.63,Pistachio,Brazil,Stracciatella,0,0,0,8537
Bryan,Lewis,165.85,Rocky Road,Norway,Pistachio,1,0,0,2931
Tiffany,Whitaker,162.69,Rocky Road,Sweden,Stracciatella,1,0,1,10961
Justin,Andrews,161.18,Strawberry,Australia,Chocolate,0,0,0,3326
Anita,Hull,156.37,Neapolitan,France,Strawberry,0,3,0,6798
Zachary,Greene,184.3,Rocky Road,France,Vanilla,1,1,0,4041
Edward,Jones,167.82,French Vanilla,UK,Stracciatella,0,6,1,7321
Julia,Foster,167.31,Cookies and Cream,Japan,Vanilla,0,0,0,9288
Andrew,Knight,155.34,Strawberry,Norway,Strawberry,1,2,0,8623
George,Jackson,162.92,Strawberry,USA,Vanilla,0,3,0,6603
Veronica,Young,180.63,Cookies and Cream,UK,Mint,0,0,1,10659
Thomas,Hess,175.88,Neapolitan,Japan,Pistachio,0,0,1,8666
Michelle,Mckay,170.06,Vanilla,Germany,Vanilla,0,1,0,6563
Jasmine,Carter,194.58,Vanilla,Japan,Vanilla,0,1,0,8801
Amanda,Hall,185.15,Strawberry,Finland,Chocolate,1,0,0,10668
Sara,Brooks,182.04,French Vanilla,Canada,Pistachio,1,1,0,11669
Lisa,Carlson,170.48,Strawberry,Canada,Stracciatella,0,0,0,5949
Samantha,Lane,162.57,Cookies and Cream,Finland,Chocolate,1,3,0,6739
Chelsea,Brown,175.44,Chocolate,Brazil,Vanilla,0,0,0,7154
Bianca,Reyes,178.21,Pistachio,UK,Chocolate,0,0,1,2198
Rhonda,Stafford,170.55,Chocolate,UK,Pistachio,0,3,1,4377
Patrick,Watts,178.85,Strawberry,USA,Pistachio,0,2,0,11501
Javier,Carter,168.92,Pistachio,Canada,Mint,0,0,1,12863
Ryan,Oliver,167.04,Rocky Road,Sweden,Pistachio,1,2,1,6879
Jeremy,Scott,187.93,Neapolitan,UK,Pistachio,0,1,1,4479
Maria,Lewis,160.28,Rocky Road,China,Strawberry,0,0,0,15072
Caitlin,Davis,172.96,Pistachio,France,Stracciatella,0,0,0,10813
Joseph,Stevens,175.79,Mint Chocolate Chip,Norway,Strawberry,1,0,0,9630
Blake,Russell,169.27,Mint Chocolate Chip,France,Strawberry,0,0,0,11250
Michael,Byrd,176.94,Mint Chocolate Chip,Brazil,Chocolate,0,0,0,5477
Lauren,Wiggins,174.44,Butter Pecan,Sweden,Stracciatella,1,1,0,7975
Joshua,Smith,166.86,Cookies and Cream,Italy,Pistachio,0,3,0,9751
Tracey,Mitchell,170.99,Strawberry,Australia,Strawberry,0,1,0,6922
Francisco,Gibbs,178.6,Strawberry,Denmark,Vanilla,1,5,0,7498
Veronica,Hernandez,172.82,Rocky Road,USA,Mint,0,1,0,8440
Dean,Howard,176.86,Butter Pecan,UK,Pistachio,0,1,1,10453
Valerie,Hall,154.88,Vanilla,Canada,Vanilla,0,1,0,3531
William,Griffin,148.55,French Vanilla,Japan,Chocolate,0,1,0,9614
Robert,Hernandez,169.34,Butter Pecan,Japan,Strawberry,0,1,1,8143
Ashley,Benson,164.63,Mint Chocolate Chip,Germany,Strawberry,0,1,0,6911
Douglas,Brown,155.01,Cookies and Cream,Canada,Chocolate,0,0,0,8523
Natasha,Jackson,168.52,French Vanilla,China,Strawberry,1,4,0,7606
Sharon,Martinez,188.05,Pistachio,Germany,Mint,0,2,0,1894
Samantha,Wolfe,172.14,Neapolitan,Finland,Pistachio,1,1,0,4936
Patrick,Martin,176.2,Cookies and Cream,Norway,Strawberry,1,2,0,10125
Henry,Brown,180.51,Mint Chocolate Chip,UK,Stracciatella,1,3,1,3423
Jeffery,Smith,172.87,French Vanilla,Japan,Vanilla,0,0,0,5924
Crystal,Smith,170.1,Neapolitan,Sweden,Pistachio,1,1,0,10851
Michael,Webb,157.19,Mint Chocolate Chip,Italy,Pistachio,0,2,0,6971
Garrett,Flores,169.19,Pistachio,Sweden,Vanilla,1,2,1,8589
Christine,Bell,173.84,Strawberry,Germany,Strawberry,0,1,1,10127
Heather,Ward,192.12,French Vanilla,Canada,Vanilla,0,0,0,5777
Zachary,Mcintyre,174.29,Strawberry,Norway,Pistachio,1,2,0,7957
Elizabeth,Duncan,197.03,Strawberry,Germany,Strawberry,1,0,0,15416
Kevin,Moore,166.04,Chocolate,Italy,Strawberry,0,2,0,6512
Megan,Baker,163.18,French Vanilla,UK,Chocolate,1,2,1,15206
Gary,Larson,183.22,Vanilla,Norway,Strawberry,1,1,0,7932
Devon,Hammond,183.72,Rocky Road,France,Stracciatella,0,0,0,4995
Nicole,Black,179.35,Butter Pecan,Sweden,Strawberry,1,2,1,7156
Scott,Moody,194.33,Pistachio,Japan,Mint,1,1,1,13435
Jason,Morris,174.18,Neapolitan,Italy,Stracciatella,0,3,0,9073
Elizabeth,Knight,180.44,Mint Chocolate Chip,Finland,Vanilla,1,3,0,6045
Adam,Lawson,142.95,Rocky Road,Canada,Stracciatella,0,0,0,6548
Don,Benson,157.58,Neapolitan,Brazil,Strawberry,0,0,0,7926
Tina,Silva,170.3,French Vanilla,USA,Vanilla,0,1,0,14426
Gabrielle,Wilson,183.66,Chocolate,China,Chocolate,0,1,0,7227
Walter,Quinn,168.9,Butter Pecan,Sweden,Strawberry,1,3,0,2994
Thomas,Ponce,159.69,Neapolitan,Germany,Stracciatella,0,0,0,3314
Wesley,Mitchell,182.19,Pistachio,Australia,Pistachio,0,0,0,14005
Kyle,Anderson,141.35,Chocolate,Norway,Mint,0,1,0,12429
Nicholas,Brandt,178.84,Butter Pecan,Japan,Vanilla,0,0,0,12140
James,Jordan,184.66,Vanilla,Canada,Vanilla,0,0,0,7923
Sabrina,Cook,161.11,Chocolate,Norway,Chocolate,1,3,0,11518
Robert,Nichols,168.73,Pistachio,Japan,Vanilla,1,0,0,10421
Michael,Dickson,177.23,Pistachio,Finland,Strawberry,1,1,0,4262
Brandon,Clark,156.65,Neapolitan,UK,Pistachio,0,1,1,8230
Joshua,Smith,170.42,Chocolate,Germany,Mint,0,2,0,4151
Tanner,Sweeney,181.91,Neapolitan,Germany,Vanilla,0,1,1,10541
Alexandra,Moon,172.32,Butter Pecan,Italy,Pistachio,0,3,1,11667
Jeffrey,Henderson,154.92,Rocky Road,China,Vanilla,0,0,0,7607
Matthew,Vazquez,166.55,Cookies and Cream,China,Chocolate,0,0,0,4895
Margaret,Martin,162.89,Butter Pecan,Sweden,Chocolate,1,3,0,10748
Bryan,Hudson,159.97,Cookies and Cream,Sweden,Vanilla,1,3,1,9039
Amanda,Ramos,164.23,French Vanilla,China,Pistachio,0,1,0,6128
Kevin,Pittman,162.09,Butter Pecan,Finland,Mint,1,1,0,13742
Mandy,Sanchez,168.36,Rocky Road,UK,Stracciatella,0,4,1,11316
Stacy,Gates,181.17,French Vanilla,Germany,Chocolate,0,3,0,11561
Paul,Harris,165.37,Pistachio,Finland,Chocolate,0,0,0,11015
Jeffrey,Rodriguez,164.72,Pistachio,Denmark,Chocolate,1,4,0,7242
Stacey,Archer,181.37,Chocolate,Brazil,Vanilla,0,2,0,8361
Michael,Mosley,178.71,Neapolitan,Germany,Stracciatella,1,1,0,4913
Tyler,Medina,160.55,Vanilla,China,Mint,0,0,0,6083
Robert,Houston,188.37,Vanilla,Denmark,Stracciatella,1,0,0,4030
Marc,Herring,171.97,Pistachio,Finland,Stracciatella,1,2,0,1000
Jerry,Diaz,172.19,Chocolate,Denmark,Chocolate,1,1,0,14872
Laura,Gregory,177.58,Strawberry,Italy,Pistachio,0,5,1,7241
Tara,Martin,179.56,French Vanilla,Germany,Stracciatella,0,0,0,9176
John,Small,161.37,Strawberry,Canada,Mint,0,0,0,5388
Andrew,Willis,164.85,Neapolitan,Finland,Vanilla,1,2,0,5047
Joseph,Rivera,161.15,Rocky Road,Finland,Mint,1,1,1,9650
James,Love,146.55,Pistachio,France,Chocolate,1,2,0,5094
Timothy,Martinez,175.39,French Vanilla,Finland,Mint,1,4,0,8366
Wanda,Stephens,165.61,Strawberry,China,Strawberry,0,1,0,9629
Brittany,Martin,171.65,French Vanilla,Finland,Chocolate,1,3,0,5844
Shirley,Hall,170.36,Pistachio,France,Vanilla,0,2,0,10684
Teresa,Warren,170.78,Strawberry,Sweden,Chocolate,1,1,0,6937
Whitney,Vargas,164.74,Chocolate,Brazil,Strawberry,1,0,0,9360
Jerome,Pena,175.18,Neapolitan,Italy,Stracciatella,0,1,0,8943
Melissa,Owens,168.35,French Vanilla,Finland,Vanilla,1,2,0,7993
Scott,Prince,171.54,Mint Chocolate Chip,Denmark,Strawberry,1,1,1,9706
Kristin,Fisher,191.77,Strawberry,China,Stracciatella,0,0,1,12885
Benjamin,Crosby,146.49,French Vanilla,Japan,Mint,0,0,0,6052
Michael,Romero,182.59,Vanilla,Sweden,Pistachio,1,1,0,4328
Stacy,Hood,162.16,Chocolate,China,Vanilla,0,0,0,9387
Devin,Delacruz,167.85,Mint Chocolate Chip,Canada,Strawberry,0,0,0,14353
Judy,Payne,177.42,Strawberry,Germany,Pistachio,0,3,1,9674
Susan,Doyle,149.46,Mint Chocolate Chip,Italy,Chocolate,0,1,1,8228
Kendra,Fisher,179.54,Neapolitan,USA,Vanilla,0,1,0,6398
Aaron,Robertson,177.59,French Vanilla,UK,Mint,1,6,1,3778
Eric,Curry,182.66,Chocolate,China,Stracciatella,0,0,0,10124
Daniel,Hudson,164.74,Rocky Road,Denmark,Strawberry,1,1,0,10870
Jonathan,Gray,178.17,French Vanilla,Brazil,Pistachio,1,1,0,4689
Mark,Hawkins,175.22,Pistachio,Japan,Vanilla,0,0,0,1541
Kendra,Evans,167.5,Mint Chocolate Chip,Brazil,Pistachio,0,2,0,8245
John,Barber,179.81,Mint Chocolate Chip,France,Strawberry,0,5,0,7703
Jose,Coleman,173.71,Neapolitan,USA,Stracciatella,1,1,0,11257
Lindsay,Krueger,153.32,Cookies and Cream,Brazil,Vanilla,1,2,0,9424
Cynthia,Reid,175.35,Vanilla,Japan,Pistachio,0,0,0,4804
Sarah,Sanders,160.96,Chocolate,Sweden,Stracciatella,1,0,1,7084
Taylor,Thomas,167.63,Cookies and Cream,Norway,Stracciatella,1,4,0,5181
Sarah,Santana,164.75,Pistachio,Sweden,Chocolate,1,1,0,7567
Jonathan,Ruiz,182.96,Vanilla,China,Mint,1,0,0,5933
Michael,Moore,173.85,French Vanilla,Canada,Stracciatella,0,0,0,7812
Ronald,James,163.9,Butter Pecan,China,Pistachio,0,0,1,6898
Gail,Gutierrez,171.54,Butter Pecan,China,Stracciatella,1,1,0,5879
Pamela,Campbell,155.9,Neapolitan,Finland,Vanilla,0,3,0,4868
Ashley,Bennett,166.11,French Vanilla,Norway,Strawberry,1,1,0,7373
Lisa,Leach,154.64,Chocolate,Japan,Strawberry,0,2,1,6270
Kathleen,Ingram,154.2,Strawberry,Sweden,Mint,1,2,0,1000
Michelle,Wilson,164.37,Rocky Road,China,Mint,0,0,0,7954
Matthew,Becker,173.73,Vanilla,Norway,Strawberry,1,3,0,9737
John,Cardenas,161.1,Vanilla,Japan,Chocolate,1,0,0,1091
Melissa,Greer,173.73,Butter Pecan,France,Mint,0,5,0,6665
Samantha,Williams,167.34,Vanilla,Sweden,Mint,1,2,0,14471
Amy,Roman,166.35,Chocolate,Sweden,Stracciatella,1,3,0,6182
Sarah,Jones,157.85,Rocky Road,Germany,Pistachio,1,3,1,6904
Danny,Bush,184.08,Strawberry,UK,Strawberry,1,0,1,8554
Alyssa,Pugh,159.63,Butter Pecan,Brazil,Pistachio,0,1,0,11601
Susan,Evans,176.87,French Vanilla,Finland,Vanilla,1,1,1,6029
Willie,Logan,168.33,Pistachio,Italy,Stracciatella,0,1,1,9821
Rachel,Chan,157.57,Rocky Road,Italy,Mint,0,0,0,11933
Julie,Moore,172.91,Rocky Road,France,Mint,0,2,0,6069
Kathleen,Morrison,161.85,Rocky Road,Denmark,Pistachio,0,5,0,10783
Robert,Armstrong,149.9,Strawberry,UK,Stracciatella,0,1,1,2786
Edwin,Hendricks,166.89,Butter Pecan,China,Mint,0,1,1,2156
Daniel,Palmer,175.88,Butter Pecan,Australia,Mint,1,1,0,8912
Jason,Kennedy,176.61,Strawberry,Sweden,Chocolate,1,3,0,8797
Michael,Barnes,169.55,Rocky Road,Japan,Mint,0,1,1,8978
Timothy,Farmer,178.63,Butter Pecan,Denmark,Stracciatella,0,0,1,8090
David,Robertson,164.58,Neapolitan,Germany,Stracciatella,1,2,0,9483
Susan,Castro,173.12,Rocky Road,Canada,Strawberry,0,0,0,10170
Anthony,Miller,168.71,Neapolitan,Japan,Stracciatella,0,0,0,8985
Dawn,Carpenter,156.35,Neapolitan,Sweden,Pistachio,1,1,1,10700
Christian,Thomas,160.74,Mint Chocolate Chip,China,Vanilla,0,2,0,6258
Angela,Brown,162.25,Rocky Road,Finland,Chocolate,1,2,0,9765
Wyatt,Ward,171.31,Strawberry,Sweden,Strawberry,1,1,0,3650
Katherine,Cox,169.81,Mint Chocolate Chip,France,Chocolate,1,3,0,4681
Andres,Macias,162.2,Pistachio,Germany,Vanilla,0,3,0,11499
Michael,Smith,155.44,Rocky Road,USA,Chocolate,1,0,0,6281
Russell,Hughes,180.44,Cookies and Cream,Australia,Pistachio,0,0,0,13583
Gabriela,Marshall,154.62,French Vanilla,Finland,Vanilla,1,3,0,13659
Joseph,Yu,161.89,Butter Pecan,Australia,Mint,1,0,0,10089
Christopher,Scott,180.6,Butter Pecan,Sweden,Pistachio,1,2,0,10865
Scott,Holden,173.48,French Vanilla,France,Stracciatella,0,0,0,12540
Erik,Perkins,171.75,French Vanilla,Norway,Mint,0,4,1,9892
Richard,Rivera,169.36,Neapolitan,Australia,Mint,0,1,0,4239
Sarah,Thomas,173.23,Strawberry,France,Chocolate,0,1,1,9045
Jane,Cohen,166.94,Rocky Road,Sweden,Stracciatella,1,2,0,6601
Nancy,Williams,185.44,Rocky Road,USA,Vanilla,0,1,0,3215
Christian,Sullivan,155.33,Mint Chocolate Chip,Denmark,Mint,1,1,1,7917
Kathleen,Nelson,175.58,Butter Pecan,France,Chocolate,0,2,0,13316
Sarah,Johnson,162.34,Neapolitan,Denmark,Stracciatella,1,3,1,5070
Jason,Burns,172.15,Strawberry,Japan,Mint,0,1,0,5322
Christina,Merritt,170.96,Mint Chocolate Chip,USA,Pistachio,0,0,0,7935
William,Sullivan,170.93,French Vanilla,France,Vanilla,1,0,0,5758
Corey,Smith,156.17,Pistachio,Australia,Chocolate,1,0,0,10210
Courtney,Diaz,162.35,Mint Chocolate Chip,Denmark,Mint,1,4,0,7156
Richard,Garcia,141.83,Neapolitan,Sweden,Pistachio,1,3,1,4000
Natasha,Baker,179.29,Butter Pecan,Japan,Pistachio,0,1,1,15244
Daniel,Ayala,180.41,Mint Chocolate Chip,China,Mint,1,0,0,8601
William,Aguilar,170.26,Pistachio,UK,Stracciatella,0,0,1,11445
Christopher,Aguilar,171.91,Cookies and Cream,Japan,Mint,0,1,0,5517
Richard,Sloan,173.16,Pistachio,Finland,Pistachio,1,1,0,8258
Robert,Clark,161.47,Cookies and Cream,Australia,Chocolate,0,1,0,9857
William,Miller,177.16,Pistachio,Norway,Mint,1,3,0,14172
Nicholas,Walker,179.21,French Vanilla,Australia,Strawberry,0,0,1,11485
Jennifer,Cain,163.8,Rocky Road,Denmark,Chocolate,1,4,0,5694
Bill,Fritz,165.77,Rocky Road,Finland,Stracciatella,0,1,1,10649
Dominique,White,157.89,Strawberry,Italy,Pistachio,0,0,0,7766
Phillip,Howell,164.0,Pistachio,Denmark,Pistachio,1,3,0,10757
Derek,Taylor,174.02,Vanilla,Australia,Stracciatella,0,1,0,5995
Juan,Moore,187.51,Mint Chocolate Chip,France,Strawberry,0,1,0,6069
Maurice,Smith,162.06,Cookies and Cream,Australia,Vanilla,0,1,0,11089
Duane,Peterson,167.54,Chocolate,Norway,Strawberry,1,1,0,5134
Amy,Garcia,169.49,Mint Chocolate Chip,France,Strawberry,0,1,0,9270
Richard,Black,164.61,Strawberry,China,Strawberry,0,0,0,8795
Lindsey,Lewis,183.22,Rocky Road,Japan,Vanilla,0,1,0,7864
Brandon,Barry,178.66,Cookies and Cream,Germany,Chocolate,0,1,0,13378
Tara,Murphy,162.31,Rocky Road,France,Mint,0,0,0,8671
Jonathan,Reyes,165.98,Vanilla,Norway,Chocolate,1,4,0,7503
Brandon,Kelly,152.17,Cookies and Cream,Norway,Chocolate,1,3,0,11917
Traci,Nicholson,158.81,Strawberry,Canada,Mint,0,0,0,6824
Cynthia,Floyd,168.11,Butter Pecan,Brazil,Strawberry,0,1,0,5232
Trevor,Hicks,165.33,Chocolate,Japan,Mint,0,1,0,5288
Gerald,Frazier,163.74,Chocolate,Brazil,Vanilla,0,0,0,8973
Laura,Kim,179.61,Butter Pecan,France,Mint,1,2,0,10613
Angela,Spence,149.49,Chocolate,Brazil,Pistachio,0,0,0,3962
Christina,Mathis,172.37,Chocolate,Norway,Vanilla,1,0,0,9541
Herbert,Krause,163.02,Strawberry,Finland,Pistachio,1,3,0,8538
Amber,Brown,183.55,Mint Chocolate Chip,Brazil,Mint,0,0,1,2885
Ashley,Owens,185.86,Butter Pecan,USA,Strawberry,0,0,0,1169
Stanley,Fernandez,162.93,Neapolitan,Italy,Stracciatella,1,1,0,7334
Alison,Gilmore,189.95,Cookies and Cream,Denmark,Mint,1,4,0,9265
Mitchell,Hickman,163.53,Neapolitan,Finland,Mint,1,2,0,9018
Samuel,Mitchell,173.12,Mint Chocolate Chip,Japan,Stracciatella,0,0,0,6062
Megan,Shah,173.99,Vanilla,Norway,Pistachio,1,2,0,11150
Scott,Jackson,185.56,Vanilla,Denmark,Pistachio,1,5,1,5408
Andre,Waters,175.33,Strawberry,France,Mint,0,1,0,5798
Jimmy,Chapman,170.78,Rocky Road,France,Strawberry,0,1,1,8108
Jane,Woods,154.14,Vanilla,Brazil,Mint,0,1,0,9959
Jason,Gamble,185.62,Strawberry,USA,Mint,0,0,0,16062
Kevin,Cochran,165.79,Pistachio,China,Stracciatella,0,0,0,14315
Sarah,Shaw,174.94,Pistachio,Sweden,Mint,1,2,0,4660
Paul,White,177.57,Vanilla,Norway,Chocolate,1,2,0,12437
Megan,Thomas,183.93,Butter Pecan,Finland,Mint,1,1,0,9833
Michael,Rodriguez,184.45,Butter Pecan,Germany,Pistachio,0,1,1,7339
Brandy,Collins,172.57,Chocolate,Japan,Vanilla,1,1,0,1796
Veronica,Patterson,171.03,Cookies and Cream,Brazil,Pistachio,0,0,1,7072
Denise,Smith,169.56,Chocolate,UK,Stracciatella,0,2,1,5743
Melissa,Richards,185.27,Mint Chocolate Chip,USA,Vanilla,0,0,1,5341
Sabrina,Anderson,160.77,Vanilla,Sweden,Mint,1,5,0,8805
Carlos,Martinez,163.44,Strawberry,Germany,Mint,0,3,0,10763
James,Williams,166.2,Neapolitan,Germany,Vanilla,0,1,0,6372
Erin,Smith,161.61,Chocolate,Italy,Vanilla,0,0,0,5875
Danielle,Cobb,177.09,Vanilla,Brazil,Strawberry,0,0,0,9028
Carrie,Oconnell,164.33,Neapolitan,France,Mint,1,2,1,9535
Shelia,Chandler,187.63,Butter Pecan,China,Strawberry,0,1,0,7495
Edward,Shaw,187.0,French Vanilla,Denmark,Mint,1,5,0,8175
Lori,Carpenter,170.59,Pistachio,Italy,Chocolate,1,1,0,5765
Tiffany,Lloyd,177.45,Rocky Road,Denmark,Mint,1,0,1,2121
Barry,Richardson,151.99,French Vanilla,Italy,Stracciatella,0,4,0,10197
Jessica,Pacheco,158.98,Rocky Road,Finland,Vanilla,1,5,0,2493
Teresa,Rivera,166.16,Chocolate,Australia,Vanilla,0,1,0,11513
Amy,Richardson,164.4,Chocolate,Norway,Pistachio,1,1,0,5106
Robert,Fernandez,149.82,Butter Pecan,USA,Strawberry,1,1,0,6709
Frank,Evans,163.6,Pistachio,France,Stracciatella,1,1,0,3113
Donald,Richardson,167.87,Rocky Road,Canada,Stracciatella,0,1,0,11817
Lonnie,Green,164.63,Neapolitan,USA,Vanilla,1,0,1,9638
Jessica,Martin,168.9,Pistachio,France,Chocolate,0,0,1,8019
Sarah,Sanchez,168.94,Vanilla,Finland,Vanilla,1,1,0,2588
Amanda,Macias,178.59,French Vanilla,UK,Chocolate,0,0,1,6935
Derek,Lopez,177.77,Cookies and Cream,France,Chocolate,0,5,0,3381
Catherine,Porter,165.3,Mint Chocolate Chip,Australia,Stracciatella,0,0,1,3541
Samantha,Baker,159.03,Mint Chocolate Chip,Canada,Pistachio,0,0,0,7342
Jamie,Farrell,163.06,Vanilla,France,Mint,0,1,1,11683
Nathan,Mcdonald,167.41,Cookies and Cream,Norway,Strawberry,1,3,0,7484
Heather,Cook,178.36,Cookies and Cream,Denmark,Strawberry,1,4,0,4675
Chad,Tyler,168.91,Neapolitan,Germany,Pistachio,0,1,1,15933
Arthur,Rubio,178.03,Pistachio,UK,Stracciatella,0,5,1,3491
Jennifer,Pruitt,163.74,Rocky Road,Norway,Vanilla,1,0,0,9864
Danielle,Davis,150.07,Pistachio,Denmark,Chocolate,0,1,0,6891
Angie,Castillo,171.44,Chocolate,Italy,Pistachio,0,2,0,6213
Abigail,Harris,156.24,Mint Chocolate Chip,Canada,Pistachio,0,0,0,12123
Diane,Coleman,185.16,Neapolitan,USA,Strawberry,0,1,0,9244
Thomas,Lane,174.28,Cookies and Cream,UK,Stracciatella,0,1,1,12475
Thomas,Simmons,163.18,Cookies and Cream,Brazil,Mint,0,0,0,7594
Kevin,Washington,161.3,French Vanilla,Norway,Chocolate,1,2,0,11010
Melissa,Bowman,155.61,French Vanilla,Canada,Pistachio,0,1,1,5085
Jimmy,Robinson,163.3,French Vanilla,Norway,Stracciatella,1,1,0,3861
Nathan,Rogers,179.41,Vanilla,France,Vanilla,1,4,0,9545
David,Wells,185.41,Vanilla,Norway,Strawberry,1,6,0,10146
Joseph,Jones,155.29,Vanilla,Finland,Stracciatella,1,2,0,8320
Nicholas,Anderson,168.19,Chocolate,UK,Vanilla,0,0,1,7595
Vanessa,Higgins,176.96,Pistachio,Denmark,Pistachio,0,2,0,9977
Leah,Mcdonald,177.21,Pistachio,Denmark,Vanilla,1,0,0,10812
James,Johnson,168.67,Chocolate,China,Pistachio,0,0,0,10488
Eric,Olson,169.43,Cookies and Cream,Brazil,Stracciatella,0,0,0,7418
Angelica,Parks,164.31,Mint Chocolate Chip,China,Vanilla,0,1,0,5435
Thomas,Carpenter,174.55,French Vanilla,Japan,Stracciatella,0,0,0,9005
Michael,Olsen,153.42,Neapolitan,China,Vanilla,0,1,0,10421
Loretta,Clark,166.83,Butter Pecan,Finland,Mint,1,3,0,5079
Pamela,Costa,165.9,Chocolate,Finland,Mint,1,2,0,6121
Jason,Cooper,176.98,Vanilla,Canada,Mint,0,1,0,8046
Julie,Ramirez,165.41,Rocky Road,China,Stracciatella,1,0,0,6025
Kevin,Wells,165.66,Mint Chocolate Chip,Finland,Mint,1,2,0,7088
Megan,Blanchard,185.35,Strawberry,Norway,Chocolate,1,4,0,1000
Brandon,Ross,179.16,Chocolate,Brazil,Chocolate,0,1,1,7597
Wendy,Jones,163.87,Strawberry,Norway,Pistachio,1,5,1,9847
Julie,Wagner,174.27,Rocky Road,Sweden,Strawberry,1,3,0,11611
Karen,Mckinney,160.74,Neapolitan,UK,Pistachio,0,2,1,6640
Ryan,Haas,175.1,Strawberry,Denmark,Mint,1,2,0,12357
Phillip,Spence,166.49,Pistachio,Australia,Mint,0,0,0,3338
Gene,Williams,149.75,Mint Chocolate Chip,Finland,Stracciatella,1,3,0,10453
Casey,Robles,170.07,Pistachio,UK,Strawberry,0,2,1,6367
Shawn,Martin,173.54,Rocky Road,China,Chocolate,1,0,0,7511
Megan,Blevins,166.31,Vanilla,Finland,Vanilla,1,0,0,7314
Dominique,Kerr,163.15,Vanilla,Italy,Pistachio,0,2,0,5016
Kevin,Bernard,163.86,Rocky Road,Australia,Chocolate,0,0,0,11160
Keith,Rogers,182.37,Vanilla,Denmark,Mint,1,2,1,5829
James,Peterson,172.49,Neapolitan,UK,Pistachio,0,1,1,10942
Stephanie,Johnston,183.38,Mint Chocolate Chip,Sweden,Mint,1,1,1,5773
Xavier,Bowen,144.24,Pistachio,China,Vanilla,0,2,1,8520
Lisa,Wright,165.92,Chocolate,Australia,Strawberry,0,0,0,8731
Kaitlin,Harmon,153.35,Cookies and Cream,Germany,Mint,0,0,0,7690
Danny,Davis,182.29,Mint Chocolate Chip,France,Strawberry,0,1,0,3070
Miguel,Yoder,161.64,Rocky Road,Denmark,Strawberry,0,4,0,6013
Frank,Jarvis,165.33,Mint Chocolate Chip,China,Strawberry,1,1,0,6206
Derek,Lara,159.28,Neapolitan,UK,Stracciatella,1,3,1,5567
Alexander,Taylor,162.52,Strawberry,Italy,Stracciatella,0,3,1,4227
Matthew,Morales,173.69,Pistachio,Japan,Vanilla,1,1,1,8113
Natalie,Lara,183.1,French Vanilla,Japan,Chocolate,0,0,0,9753
Russell,Trevino,162.69,Pistachio,Canada,Chocolate,1,0,0,14562
Rebecca,Cardenas,170.91,Butter Pecan,Norway,Mint,1,0,1,2316
Sheila,Wilcox,173.62,Rocky Road,Australia,Pistachio,0,0,1,9343
Vanessa,Michael,171.29,Pistachio,Denmark,Chocolate,1,4,0,9113
Tiffany,Lopez,164.64,Rocky Road,Norway,Mint,1,1,0,8569
Chad,Lozano,162.55,Butter Pecan,Sweden,Stracciatella,0,3,0,6014
Dawn,Hoffman,173.74,Vanilla,Australia,Mint,0,2,0,5115
Doris,Ward,161.88,French Vanilla,Denmark,Vanilla,1,1,0,10492
Gabriel,Lane,171.55,French Vanilla,Canada,Strawberry,0,0,1,4248
Jeffrey,Nelson,173.49,French Vanilla,France,Mint,0,2,0,9813
Jennifer,Fuller,172.59,Mint Chocolate Chip,Norway,Chocolate,1,2,0,10232
Katherine,Johnson,172.14,French Vanilla,Italy,Stracciatella,1,2,0,7456
Adam,Harper,177.8,Rocky Road,Sweden,Pistachio,0,4,0,12136
William,Young,160.13,Pistachio,China,Mint,0,0,0,4265
Kevin,Thompson,182.41,Mint Chocolate Chip,Japan,Pistachio,1,0,0,8641
April,May,172.06,Neapolitan,China,Mint,0,1,0,7431
Thomas,Lambert,160.25,Butter Pecan,Norway,Pistachio,1,2,0,7432
Kathleen,Reese,175.38,Mint Chocolate Chip,China,Strawberry,0,0,0,10764
Kimberly,Serrano,166.76,Chocolate,Norway,Mint,1,1,0,6901
Samantha,Davis,178.12,Rocky Road,Italy,Vanilla,1,4,0,9331
Michelle,Reeves,184.57,Vanilla,Italy,Stracciatella,0,1,0,2664
Danielle,Chan,175.43,Butter Pecan,Italy,Pistachio,1,0,0,8958
Adam,Mitchell,179.31,Chocolate,France,Vanilla,1,2,0,5805
Nicholas,Reed,182.7,Butter Pecan,Norway,Chocolate,1,1,0,4930
Virginia,Powers,177.25,Pistachio,China,Vanilla,0,0,0,9998
Kimberly,Willis,177.39,French Vanilla,Norway,Pistachio,1,1,0,9387
Laurie,Clarke,164.62,Neapolitan,Denmark,Stracciatella,1,1,0,6207
Douglas,Mckinney,166.81,Pistachio,Germany,Chocolate,0,1,0,12267
Brian,Dennis,168.26,French Vanilla,France,Stracciatella,0,1,0,9951
Dwayne,Price,167.84,Rocky Road,Australia,Strawberry,0,1,1,3490
Christopher,Anderson,187.72,Cookies and Cream,Norway,Pistachio,1,4,0,10448
Jessica,Scott,176.31,Butter Pecan,Denmark,Pistachio,1,4,0,7777
Angela,Ross,184.23,Vanilla,UK,Strawberry,0,6,1,4724
Rodney,Mendez,158.54,Butter Pecan,Canada,Chocolate,0,1,1,6838
Erin,Gomez,170.56,Cookies and Cream,Italy,Stracciatella,1,3,0,8579
Andrea,Wheeler,156.99,Vanilla,France,Strawberry,0,0,0,11958
Hannah,Turner,163.82,Neapolitan,Germany,Strawberry,0,2,0,5010
Luis,Wallace,161.83,Strawberry,USA,Stracciatella,0,0,0,7160
Theresa,Black,160.81,Strawberry,Japan,Chocolate,0,1,0,10050
Barbara,Cisneros,171.91,Pistachio,Italy,Pistachio,0,1,0,3902
Donald,Snyder,175.65,Butter Pecan,USA,Vanilla,1,0,0,4911
Makayla,Baker,178.37,Butter Pecan,Japan,Strawberry,0,0,0,3941
Alexis,Welch,166.28,Butter Pecan,Norway,Chocolate,1,0,0,6392
Charles,Gonzalez,159.96,Cookies and Cream,Sweden,Mint,1,1,0,2877
Stephen,Brown,174.45,Rocky Road,Canada,Vanilla,0,1,0,6920
Jason,George,185.84,Cookies and Cream,UK,Strawberry,0,0,1,4021
Michelle,Lewis,166.56,Mint Chocolate Chip,Australia,Mint,0,0,0,4015
Rebecca,Hill,190.49,Neapolitan,Australia,Strawberry,0,0,0,8232
Nicole,Wells,179.32,Cookies and Cream,Germany,Vanilla,0,2,0,5514
Matthew,Landry,168.36,Butter Pecan,Italy,Pistachio,0,3,1,6011
Stephanie,Rodriguez,170.59,Chocolate,Finland,Mint,1,2,0,12495
Daniel,Morgan,180.47,Cookies and Cream,Canada,Vanilla,0,0,0,11743
Carl,Smith,175.39,Vanilla,Brazil,Mint,0,1,0,4632
Amanda,Maldonado,177.62,Vanilla,Canada,Pistachio,0,2,1,5247
Anthony,Rivas,169.69,Chocolate,Sweden,Stracciatella,0,2,0,11141
Shelly,Parker,171.76,Neapolitan,USA,Chocolate,0,0,0,11508
Kristin,Osborn,179.46,Cookies and Cream,Germany,Pistachio,0,4,0,7929
Jacob,Long,181.42,Rocky Road,Italy,Vanilla,0,2,0,7476
Nancy,Malone,159.48,Cookies and Cream,Canada,Chocolate,0,0,0,12704
Stacey,Sanchez,175.98,Neapolitan,Canada,Pistachio,0,1,1,11871
Shawn,Foster,185.21,Butter Pecan,Denmark,Mint,1,1,0,5904
Martin,Campbell,192.89,Rocky Road,UK,Pistachio,0,0,1,5388
Alyssa,Gibson,169.95,Mint Chocolate Chip,Denmark,Pistachio,1,3,0,9223
Jason,Henry,168.31,Pistachio,France,Pistachio,0,2,0,9357
Amanda,Brown,180.07,Pistachio,Brazil,Mint,0,1,1,10049
Victoria,Reeves,172.6,Strawberry,Australia,Strawberry,0,0,0,7372
Dawn,Berry,164.39,Strawberry,Finland,Pistachio,1,4,0,6182
Dorothy,Franco,172.56,French Vanilla,Brazil,Strawberry,0,2,0,13158
Kevin,Wallace,177.81,Rocky Road,UK,Pistachio,0,1,1,8076
James,Lee,169.09,French Vanilla,USA,Pistachio,1,0,0,2240
Jeffrey,Rose,184.03,Neapolitan,Norway,Vanilla,1,3,1,9628
Melody,Kim,188.24,Chocolate,Denmark,Chocolate,1,2,0,4883
William,Smith,168.39,Butter Pecan,Sweden,Chocolate,1,1,0,3946
Christina,York,163.06,Butter Pecan,Italy,Stracciatella,0,3,0,4032
Linda,Vargas,169.49,Vanilla,Sweden,Vanilla,1,2,0,8525
Carl,Ellis,164.3,Strawberry,Germany,Chocolate,1,6,1,16955
Erik,Robinson,165.01,Chocolate,Germany,Pistachio,0,1,0,8336
Kristopher,Ibarra,167.14,Butter Pecan,Canada,Chocolate,1,0,1,13233
Bradley,Navarro,170.08,French Vanilla,USA,Mint,1,1,0,7348
Heather,Wright,173.32,Butter Pecan,Australia,Stracciatella,0,1,1,7074
Christopher,Morrison,170.63,Rocky Road,UK,Mint,0,1,1,8337
Jamie,Patterson,178.32,Rocky Road,Italy,Pistachio,0,3,1,9335
Robin,Frazier,179.69,Rocky Road,USA,Chocolate,0,0,0,9646
Denise,Lee,179.47,Rocky Road,Italy,Chocolate,0,0,0,14657
Tyler,Garrison,171.95,Mint Chocolate Chip,Norway,Strawberry,1,2,0,8114
Wesley,Haynes,153.76,French Vanilla,Norway,Mint,1,0,0,3654
Adam,Glover,177.42,Cookies and Cream,Canada,Stracciatella,1,0,0,12392
Russell,Ferguson,161.38,Cookies and Cream,France,Strawberry,0,0,0,10990
Lisa,Deleon,164.91,Neapolitan,Denmark,Stracciatella,1,4,0,4042
Michael,Powell,163.42,French Vanilla,UK,Stracciatella,0,2,1,7391
Devin,Hooper,162.69,Chocolate,Denmark,Chocolate,1,3,0,10545
Alicia,Ballard,184.61,Cookies and Cream,Brazil,Vanilla,0,0,0,1259
Anna,Guzman,180.8,Chocolate,Japan,Chocolate,1,0,0,2370
Jamie,Choi,172.47,Mint Chocolate Chip,Sweden,Chocolate,1,1,1,9859
Brian,Bruce,174.22,Chocolate,Italy,Mint,0,3,0,7373
Elizabeth,Phillips,172.14,French Vanilla,Finland,Chocolate,1,3,0,14330
Dawn,Hampton,161.63,French Vanilla,Canada,Vanilla,0,1,0,4567
Stephen,Rivera,172.37,Rocky Road,Germany,Strawberry,0,2,1,8171
Tony,Jarvis,185.33,Vanilla,UK,Stracciatella,0,6,1,4902
Eric,Hoffman,175.55,Rocky Road,Finland,Pistachio,1,2,0,9193
Cory,Alexander,166.27,Neapolitan,Italy,Strawberry,0,3,1,5276
Nicholas,Murphy,168.74,Chocolate,Australia,Vanilla,0,1,0,12557
Devin,Wolfe,149.5,Chocolate,Australia,Stracciatella,0,0,0,3733
Nicole,Little,165.81,Cookies and Cream,Italy,Strawberry,1,2,0,11315
Joy,Tanner,170.47,French Vanilla,Norway,Mint,1,3,1,5151
Kristen,Shaw,178.24,Strawberry,Italy,Pistachio,1,1,0,12304
Matthew,Smith,171.0,Strawberry,Japan,Pistachio,0,0,1,4293
Jasmine,Harris,159.95,Mint Chocolate Chip,Australia,Mint,0,1,0,11493
Jason,Jones,176.78,Mint Chocolate Chip,Canada,Pistachio,0,2,0,10270
Gail,Garcia,182.95,Mint Chocolate Chip,USA,Mint,0,1,1,9837
Jodi,Chan,183.3,Cookies and Cream,Norway,Strawberry,1,0,1,11644
Chad,Nguyen,168.69,Vanilla,UK,Strawberry,0,2,1,6207
Vicki,Ferguson,174.6,Neapolitan,USA,Vanilla,1,1,0,11214
Morgan,Holt,168.47,Strawberry,France,Stracciatella,0,5,0,14060
Mark,Hamilton,155.93,Rocky Road,Finland,Pistachio,1,2,0,9102
Christopher,Olsen,164.28,Chocolate,UK,Vanilla,0,6,1,1699
Briana,Baker,164.75,Mint Chocolate Chip,Denmark,Stracciatella,1,4,0,11338
Ryan,Thomas,186.95,Rocky Road,Finland,Strawberry,1,1,0,11232
Erin,Bailey,170.79,Vanilla,UK,Vanilla,0,1,1,13961
Taylor,Kelley,156.99,French Vanilla,Denmark,Chocolate,1,1,0,6407
Jennifer,Wilson,165.84,Neapolitan,Australia,Pistachio,0,1,0,8130
Christine,Hudson,168.68,Pistachio,Sweden,Mint,1,1,0,9674
Jason,Martin,173.91,Neapolitan,Italy,Strawberry,0,2,1,7778
Laura,Edwards,194.54,Butter Pecan,Germany,Pistachio,1,4,0,6645
Gregory,Clark,180.92,Vanilla,Brazil,Stracciatella,0,0,0,10686
Sean,Hamilton,165.17,Mint Chocolate Chip,Finland,Mint,0,0,0,6105
Andrea,Johns,173.06,Butter Pecan,Canada,Mint,0,1,0,7452
Christopher,Simmons,155.4,French Vanilla,China,Mint,1,4,0,6546
Joseph,Robinson,166.66,Chocolate,China,Strawberry,1,0,0,2810
Collin,Harris,164.14,Mint Chocolate Chip,Sweden,Vanilla,1,1,0,7307
Anthony,Scott,180.05,French Vanilla,Finland,Chocolate,1,2,0,4390
Michelle,Tucker,160.29,Neapolitan,China,Mint,0,0,0,4873
Wesley,Castro,158.01,Pistachio,Norway,Mint,1,1,0,6861
Theresa,Frederick,170.15,Rocky Road,Italy,Mint,0,1,0,8996
Sylvia,Lewis,156.83,Pistachio,Sweden,Mint,1,2,0,4502
Amy,Krause,156.89,Chocolate,Finland,Pistachio,1,1,1,8054
Caitlyn,Moran,168.2,Strawberry,USA,Mint,0,0,0,7649
Jasmine,Hall,178.37,Mint Chocolate Chip,Canada,Strawberry,0,1,0,6093
Xavier,Barrett,165.2,Vanilla,Italy,Stracciatella,0,4,0,7853
Jessica,Conner,169.52,Chocolate,China,Vanilla,0,0,0,3784
Andrea,Wiggins,174.27,Cookies and Cream,Denmark,Mint,1,2,0,12688
Michael,Pham,163.03,French Vanilla,Finland,Pistachio,1,2,0,7178
Manuel,Thomas,160.97,Neapolitan,Finland,Vanilla,1,2,0,12430
Daniel,Richardson,186.11,Vanilla,Sweden,Pistachio,1,1,0,4496
Daisy,Williams,170.78,Chocolate,Australia,Mint,0,0,0,9141
Julie,Thomas,157.48,Cookies and Cream,USA,Chocolate,0,0,1,7427
Catherine,Jenkins,177.22,French Vanilla,Japan,Strawberry,0,1,1,11539
Sandra,Patton,161.17,Neapolitan,UK,Mint,0,1,1,8582
Martin,Buckley,164.24,Pistachio,Sweden,Mint,1,2,0,9604
Daniel,Hodges,157.17,Vanilla,Denmark,Vanilla,1,1,0,11686
Gregory,Watson,176.27,Chocolate,France,Strawberry,1,2,0,6031
Megan,Ingram,169.86,Strawberry,Japan,Chocolate,0,0,0,5801
Melanie,Jenkins,145.88,Mint Chocolate Chip,Italy,Stracciatella,1,2,0,6421
Brian,Perez,162.37,Neapolitan,Australia,Stracciatella,0,0,1,12165
Joseph,Ward,161.03,Rocky Road,Australia,Vanilla,0,0,0,10304
Allison,Hall,180.42,Vanilla,USA,Stracciatella,0,0,1,8646
Donald,Palmer,172.78,Chocolate,UK,Chocolate,1,3,1,7863
Julia,Hernandez,172.0,Chocolate,Norway,Chocolate,1,0,0,6727
Sara,Hernandez,168.33,Strawberry,Italy,Chocolate,0,1,0,6649
Thomas,Edwards,160.96,Strawberry,Japan,Vanilla,0,0,0,11771
George,Simmons,155.97,Butter Pecan,Japan,Mint,0,1,0,6080
Travis,Barr,152.37,Rocky Road,Canada,Chocolate,1,1,0,7501
Lindsay,Cline,182.83,Neapolitan,Finland,Vanilla,1,1,0,9516
Stephen,Archer,161.88,Mint Chocolate Chip,Australia,Vanilla,0,1,0,8587
Beth,Torres,158.07,Strawberry,Sweden,Chocolate,1,4,0,10628
Kimberly,Compton,180.84,Cookies and Cream,Australia,Stracciatella,0,0,0,12418
Christopher,Cortez,160.51,Butter Pecan,Italy,Vanilla,0,1,0,9921
Elizabeth,Webb,175.66,Chocolate,Japan,Stracciatella,1,0,1,7428
Jerry,Velez,167.98,Chocolate,Italy,Pistachio,1,3,0,11617
Andrew,Suarez,166.9,French Vanilla,Brazil,Mint,0,0,0,10332
Andrea,Allen,153.84,Cookies and Cream,Australia,Chocolate,0,1,1,9906
Faith,Sullivan,153.82,Pistachio,Australia,Pistachio,0,0,0,4647
Shelia,Allen,177.89,Pistachio,Germany,Mint,0,3,1,6413
Amber,Hebert,179.81,Strawberry,France,Pistachio,0,1,0,4830
Michael,Martin,184.32,Vanilla,Japan,Stracciatella,0,0,0,10341
Brenda,Brown,169.19,French Vanilla,Germany,Vanilla,0,1,0,3125
Michael,Lam,168.65,Rocky Road,Italy,Stracciatella,0,6,0,9400
Shelby,Warner,174.2,Strawberry,Denmark,Mint,1,2,0,9519
James,Evans,173.67,Mint Chocolate Chip,China,Pistachio,0,0,0,9270
Sabrina,Garza,173.93,Pistachio,Italy,Chocolate,1,3,0,14242
Rachel,Willis,177.51,Strawberry,Finland,Vanilla,1,3,1,6759
Aaron,Johnson,162.1,Strawberry,Italy,Strawberry,0,2,0,13663
Charles,Anderson,159.54,Pistachio,Norway,Strawberry,1,2,0,4765
Jasmine,Barrera,180.0,French Vanilla,Finland,Pistachio,1,3,0,6089
David,Leonard,179.01,Cookies and Cream,UK,Stracciatella,0,3,1,8571
Samuel,Torres,164.73,Cookies and Cream,Australia,Chocolate,0,0,0,9347
Ian,Harris,185.86,Pistachio,Australia,Pistachio,0,0,0,8176
John,Mccullough,197.82,Chocolate,Australia,Strawberry,0,0,0,9340
Peggy,Smith,160.44,Chocolate,China,Pistachio,1,1,0,7350
Robert,Becker,158.66,Rocky Road,Denmark,Pistachio,1,4,0,6109
Becky,Smith,165.73,Chocolate,Brazil,Mint,1,0,0,11472
Dave,Valdez,162.07,French Vanilla,China,Chocolate,1,0,1,11859
Melissa,Davis,180.44,Strawberry,Norway,Chocolate,1,1,0,3456
Deanna,Perez,173.73,Pistachio,UK,Mint,0,4,1,8964
Ronald,Lawrence,177.52,Cookies and Cream,France,Mint,0,3,0,5800
Robert,Robertson,165.14,Strawberry,USA,Strawberry,0,1,0,13454
Donna,Morris,147.85,Chocolate,Norway,Mint,1,3,0,7830
Rebecca,King,174.73,Strawberry,Norway,Mint,1,2,1,11656
Chelsea,Evans,157.08,Rocky Road,Brazil,Stracciatella,0,0,0,7716
Laura,Hampton,170.53,Mint Chocolate Chip,Denmark,Stracciatella,1,4,0,9258
Elizabeth,Mann,159.23,Butter Pecan,Germany,Mint,0,1,0,11847
Julie,Kennedy,157.27,Chocolate,USA,Chocolate,1,1,0,11263
Ryan,Walker,185.31,Chocolate,Japan,Pistachio,0,0,0,4514
Eric,Peterson,158.17,Strawberry,China,Vanilla,1,0,0,7150
Molly,King,170.48,Vanilla,Finland,Mint,1,0,0,11146
April,Russo,178.33,Vanilla,Canada,Pistachio,1,0,1,12966
Steven,Phelps,190.77,Chocolate,Australia,Vanilla,0,1,0,6218
Gregory,Ortiz,160.79,Cookies and Cream,Norway,Chocolate,1,2,0,7681
Steven,Galvan,168.35,Cookies and Cream,Brazil,Stracciatella,1,1,1,2806
Jeffrey,Santana,158.17,Chocolate,Germany,Vanilla,0,2,0,12484
Cynthia,Garza,178.48,Butter Pecan,Australia,Strawberry,0,0,0,7702
Hannah,Holland,175.26,Neapolitan,China,Pistachio,0,1,0,6191
Michelle,Hill,164.79,Rocky Road,Norway,Mint,1,1,0,10525
Hannah,Woods,165.83,Butter Pecan,Sweden,Vanilla,1,2,0,6892
Lisa,Lee,174.27,Vanilla,Finland,Strawberry,1,1,0,8756
Kathleen,Brown,162.36,Vanilla,Finland,Stracciatella,1,1,1,4441
David,Lambert,159.5,Vanilla,Finland,Pistachio,1,2,1,7710
James,Perkins,146.1,Mint Chocolate Chip,Brazil,Strawberry,0,0,0,6752
Brandon,Walker,166.87,Strawberry,Sweden,Stracciatella,1,3,0,10283
Brian,Jackson,158.65,Neapolitan,Denmark,Mint,1,3,0,4562
Darrell,Taylor,178.3,Pistachio,Finland,Pistachio,1,2,0,10678
Carla,Owens,173.75,Strawberry,USA,Pistachio,0,0,0,13488
Brandon,Marsh,155.23,Vanilla,Canada,Chocolate,0,0,0,10138
Heather,Price,188.14,Chocolate,Sweden,Stracciatella,1,2,0,2350
Dana,Peters,158.46,French Vanilla,Italy,Pistachio,0,0,0,9990
Keith,Simpson,182.1,Cookies and Cream,France,Stracciatella,0,1,1,5827
Kristy,Kim,168.56,Cookies and Cream,Canada,Mint,0,1,0,10704
Nicholas,Kerr,182.26,French Vanilla,Canada,Stracciatella,0,1,0,13065
Debra,Ruiz,178.75,Vanilla,Norway,Vanilla,1,2,0,12111
Matthew,Gomez,169.65,Cookies and Cream,Australia,Chocolate,0,0,1,10085
Christopher,Murillo,173.21,Cookies and Cream,Norway,Strawberry,1,1,0,7141
Ray,Hobbs,161.38,Neapolitan,USA,Vanilla,0,0,0,1655
Jeffery,Young,171.27,Neapolitan,China,Vanilla,1,0,0,8227
Victoria,Farrell,162.97,Neapolitan,Italy,Pistachio,0,1,0,7181
Michael,Padilla,165.98,Pistachio,China,Strawberry,0,0,0,12866
William,Barry,170.31,Rocky Road,Brazil,Chocolate,0,0,1,13853
Luis,Johnson,155.44,Neapolitan,France,Pistachio,0,2,1,5006
Jason,Cooper,183.21,Mint Chocolate Chip,Brazil,Pistachio,0,2,0,11109
Glenda,Monroe,173.79,Chocolate,Sweden,Chocolate,1,2,0,9957
Betty,Vance,159.57,Vanilla,Germany,Chocolate,0,1,0,4586
Tina,Lopez,146.46,Mint Chocolate Chip,Canada,Pistachio,0,1,0,5719
Aaron,Bell,167.66,French Vanilla,Finland,Mint,1,2,1,8861
Melissa,Blankenship,171.85,Vanilla,UK,Stracciatella,0,1,1,8074
Blake,Garcia,165.42,Chocolate,France,Mint,0,3,0,7098
Emily,Taylor,164.89,Cookies and Cream,UK,Chocolate,0,2,1,7151
Mary,Dixon,168.12,Chocolate,France,Mint,1,2,0,6142
Becky,Mcdonald,167.64,Neapolitan,Sweden,Strawberry,1,4,0,11617
Steven,Manning,156.94,Strawberry,Australia,Strawberry,0,0,0,11425
Donald,Garcia,166.15,Butter Pecan,Sweden,Vanilla,1,5,0,4454
Paul,Hamilton,160.91,Strawberry,Denmark,Mint,1,1,0,9348
Anthony,Bates,174.06,Chocolate,Italy,Stracciatella,1,0,0,7838
Thomas,Perkins,159.76,Butter Pecan,Sweden,Pistachio,1,1,1,5053
Denise,Perez,188.45,Vanilla,Germany,Vanilla,1,2,0,13912
Ashlee,Craig,173.47,Neapolitan,Australia,Strawberry,0,0,0,7941
Theresa,Peterson,162.68,Chocolate,UK,Strawberry,0,3,1,6442
Courtney,Williams,184.18,Neapolitan,Sweden,Mint,1,3,1,14492
Brad,Schmidt,169.6,Mint Chocolate Chip,Norway,Strawberry,1,0,0,4920
Jason,Escobar,161.99,Strawberry,Australia,Strawberry,0,0,0,11690
Virginia,Williams,184.55,Chocolate,France,Mint,0,2,1,9284
Elizabeth,Combs,148.4,Mint Chocolate Chip,Finland,Mint,1,0,0,8231
Breanna,Johnson,162.89,Neapolitan,Canada,Chocolate,0,0,0,4540
Charles,Hendricks,158.4,Strawberry,Brazil,Pistachio,1,1,0,2937
Ryan,Jacobs,185.59,Pistachio,China,Pistachio,0,0,0,8517
Hannah,Gonzalez,163.72,Rocky Road,Italy,Stracciatella,1,3,0,9532
Lindsay,Johnson,164.72,Mint Chocolate Chip,Norway,Strawberry,1,1,0,14495
Ricky,Reed,186.13,Chocolate,USA,Stracciatella,0,0,0,11571
David,Gill,172.13,Vanilla,Brazil,Strawberry,0,0,1,10584
Adam,Mann,177.02,Rocky Road,USA,Pistachio,0,0,1,8417
Cassie,Rios,176.95,Cookies and Cream,Finland,Stracciatella,1,2,0,9516
John,Park,185.57,Strawberry,Denmark,Stracciatella,1,0,0,12467
Karen,Mitchell,179.87,Strawberry,USA,Pistachio,0,2,0,9307
Margaret,Barnes,186.96,Butter Pecan,Norway,Mint,1,5,0,1000
Matthew,Ho,162.79,Neapolitan,Finland,Strawberry,1,2,0,4205
Caitlin,Murphy,159.89,Mint Chocolate Chip,Denmark,Chocolate,1,3,0,12587
Amanda,Ellis,187.81,Cookies and Cream,UK,Strawberry,1,4,1,11807
Eric,Rodriguez,155.2,Butter Pecan,France,Stracciatella,0,4,0,8638
Paul,Wright,169.9,French Vanilla,France,Pistachio,0,2,1,12201
Theresa,Aguilar,145.69,Rocky Road,Italy,Pistachio,0,1,0,9662
William,Medina,157.84,Rocky Road,Sweden,Stracciatella,1,1,0,7617
Robert,Park,145.61,Strawberry,Denmark,Stracciatella,1,3,0,6318
Kimberly,Castro,186.15,Vanilla,Sweden,Chocolate,1,0,0,11040
Joel,Fuller,174.58,Neapolitan,Sweden,Vanilla,1,1,1,8530
Savannah,Fields,174.63,Pistachio,Sweden,Stracciatella,1,1,0,6536
James,Merritt,183.17,French Vanilla,USA,Strawberry,1,0,1,10462
Theresa,Harris,165.96,Pistachio,Denmark,Mint,1,1,0,10933
Anthony,White,170.41,Pistachio,USA,Pistachio,1,0,0,1683
Kim,Miller,161.69,Chocolate,China,Stracciatella,0,0,0,6916
Stephanie,Blanchard,172.78,Chocolate,Germany,Vanilla,0,1,0,7807
Jason,Mosley,171.39,Butter Pecan,Italy,Pistachio,0,1,0,9862
Amy,Davis,172.68,Chocolate,China,Stracciatella,0,0,0,11120
Joshua,Ferguson,163.88,Chocolate,Brazil,Chocolate,1,0,0,9508
Allen,Ross,181.31,Strawberry,France,Chocolate,0,1,0,6955
Antonio,Donovan,189.37,Chocolate,Denmark,Pistachio,0,2,0,13136
Kristen,Parker,150.85,Strawberry,China,Pistachio,0,2,0,2757
Michael,Walls,169.95,Chocolate,Japan,Strawberry,1,0,0,9508
Cody,Jones,183.5,Neapolitan,Finland,Chocolate,0,0,0,1000
Lindsay,Warren,174.24,Cookies and Cream,Italy,Mint,1,2,0,12104
Norma,Strickland,173.14,Strawberry,Finland,Mint,1,2,0,4493
Bryan,Ochoa,157.04,Rocky Road,Denmark,Strawberry,1,3,0,7852
Dwayne,Lawrence,162.39,Vanilla,Norway,Strawberry,1,2,0,7518
John,Compton,187.81,Strawberry,Denmark,Vanilla,1,3,0,13428
Johnny,Mason,160.58,Rocky Road,Australia,Vanilla,0,0,1,3577
Kimberly,Collier,167.34,Chocolate,Germany,Chocolate,0,2,0,5326
Sheri,Terry,166.15,Strawberry,Finland,Stracciatella,1,2,0,7814
Richard,Cannon,173.73,Neapolitan,Norway,Stracciatella,1,0,0,10808
Kelly,Duncan,166.87,French Vanilla,Brazil,Pistachio,0,1,0,8554
Kenneth,Price,162.68,Neapolitan,China,Vanilla,0,0,1,5504
Chad,Bradley,199.38,Mint Chocolate Chip,Denmark,Mint,1,2,0,6085
Kelly,Young,175.81,Cookies and Cream,USA,Strawberry,0,0,1,8213
Kyle,Torres,167.03,Rocky Road,Japan,Vanilla,0,0,0,4119
Mary,Simpson,169.92,Mint Chocolate Chip,Australia,Strawberry,0,0,0,11205
Adam,Wilson,188.52,Mint Chocolate Chip,Sweden,Stracciatella,0,0,1,9812
Kimberly,Taylor,163.11,Butter Pecan,Sweden,Strawberry,1,3,0,9948
Erica,Bowman,170.95,Strawberry,UK,Mint,1,2,1,6908
Victoria,Estrada,153.18,Butter Pecan,Finland,Stracciatella,1,1,0,4602
Rebecca,Smith,166.6,French Vanilla,China,Vanilla,0,1,0,10277
Norma,Stevens,168.71,French Vanilla,Sweden,Chocolate,1,5,0,7714
Jason,Mills,165.55,Butter Pecan,Australia,Vanilla,1,1,0,9250
Cheryl,Cook,167.22,Strawberry,UK,Pistachio,0,2,1,11870
Ronnie,Vasquez,159.97,Mint Chocolate Chip,China,Pistachio,0,0,0,10292
Norma,Soto,156.5,French Vanilla,France,Stracciatella,1,6,0,3475
Tina,Lee,154.41,Butter Pecan,Canada,Stracciatella,1,0,1,4529
Cheyenne,Anderson,172.82,Cookies and Cream,Finland,Mint,1,3,0,9224
Emily,Martin,171.11,Strawberry,Norway,Strawberry,1,4,0,9652
Caleb,Campbell,180.55,Mint Chocolate Chip,Sweden,Mint,1,0,0,9120
Elizabeth,Miller,171.54,Mint Chocolate Chip,Canada,Chocolate,1,1,0,8937
David,Hall,176.89,Neapolitan,USA,Vanilla,0,2,0,9205
Cassandra,Lowery,192.19,Mint Chocolate Chip,Italy,Stracciatella,0,2,1,5834
Michelle,Huang,148.75,Vanilla,Australia,Vanilla,0,0,0,4641
Dominique,Horn,185.87,Butter Pecan,Canada,Chocolate,0,0,1,6819
Kenneth,Garcia,168.36,Chocolate,Japan,Chocolate,0,0,0,11826
Brian,Mcfarland,170.98,Neapolitan,Brazil,Mint,0,1,0,7544
Jessica,Guzman,164.86,Vanilla,China,Stracciatella,0,1,0,6284
Steven,Golden,153.65,Chocolate,Norway,Stracciatella,1,1,0,8997
Tyler,Dickson,173.0,Neapolitan,Japan,Mint,0,1,0,7578
Jared,Hoffman,152.19,Rocky Road,UK,Stracciatella,0,1,1,8922
Megan,Smith,166.08,Rocky Road,Norway,Chocolate,1,3,0,1000
Timothy,Young,164.11,French Vanilla,Brazil,Stracciatella,0,0,0,10827
Jacqueline,Daniels,142.14,Butter Pecan,Canada,Mint,1,1,1,10986
Patty,Hunt,176.46,Vanilla,UK,Mint,0,2,1,13109
Jason,Weber,183.78,Chocolate,Italy,Stracciatella,0,2,0,1944
Scott,Meyer,161.83,Pistachio,USA,Stracciatella,0,1,0,8435
Leslie,Palmer,161.52,Vanilla,China,Chocolate,0,0,0,3772
Melinda,Murphy,156.03,Strawberry,Australia,Mint,1,2,1,6774
Pamela,Jones,162.1,Cookies and Cream,France,Strawberry,1,0,0,7640
Natasha,Alvarado,158.84,French Vanilla,Canada,Stracciatella,1,0,0,10221
Melissa,Navarro,150.41,Strawberry,China,Pistachio,0,1,1,11758
Michael,Rodriguez,167.4,Butter Pecan,Sweden,Strawberry,1,3,0,6655
Robert,Anderson,170.03,French Vanilla,USA,Mint,1,1,0,8966
Joshua,Morgan,176.13,Cookies and Cream,Italy,Stracciatella,0,3,0,7966
Diana,Knight,156.13,Chocolate,France,Vanilla,0,0,0,9994
Joshua,Smith,172.56,Mint Chocolate Chip,Finland,Mint,1,1,0,6341
Anne,Hernandez,179.18,Chocolate,Canada,Stracciatella,0,0,1,8706
Vicki,Thompson,175.45,Rocky Road,France,Stracciatella,0,3,0,4022
Lee,Brock,172.01,Butter Pecan,Sweden,Pistachio,1,0,0,7549
Kimberly,Williams,166.64,Strawberry,USA,Vanilla,0,0,1,7019
Brandi,Jackson,175.22,Vanilla,Denmark,Strawberry,1,0,0,8543
Jack,Gray,170.33,French Vanilla,France,Chocolate,1,3,0,11909
Caitlin,Nelson,180.51,Mint Chocolate Chip,Denmark,Pistachio,1,6,0,5443
Laurie,Vega,174.88,Butter Pecan,France,Vanilla,0,1,0,3611
Christine,Butler,186.89,Strawberry,Finland,Pistachio,1,2,0,5018
Robert,Woods,169.03,Pistachio,France,Pistachio,0,0,0,9260
Sean,Hunt,185.43,Strawberry,France,Chocolate,0,0,0,6851
David,Harris,167.7,Neapolitan,China,Chocolate,1,0,0,7628
Ariana,Jimenez,159.52,Butter Pecan,Denmark,Pistachio,1,1,0,11944
Carla,Nguyen,177.85,Pistachio,USA,Strawberry,0,1,1,6303
Vincent,Mcgrath,173.73,Neapolitan,Finland,Chocolate,0,4,0,11108
Amanda,Waters,193.07,Rocky Road,Germany,Pistachio,0,1,0,3731
Robin,Arnold,168.75,Mint Chocolate Chip,Italy,Mint,1,1,0,11549
Brittany,Patterson,169.26,Rocky Road,Denmark,Chocolate,1,2,0,13021
Jerry,Lamb,175.32,Butter Pecan,Canada,Stracciatella,0,0,1,7016
Kendra,Garcia,181.09,Pistachio,Finland,Vanilla,1,0,0,10403
Brooke,Hayes,171.87,Pistachio,Germany,Vanilla,0,0,0,6187
Ashley,Kramer,186.45,Butter Pecan,China,Chocolate,1,0,0,3849
Kristina,Watkins,169.61,Vanilla,UK,Strawberry,1,1,1,4816
Thomas,Howard,162.59,Pistachio,USA,Chocolate,0,1,0,7863
Adrienne,Miranda,180.66,Chocolate,Italy,Strawberry,0,4,1,7261
Jose,Powers,172.0,Cookies and Cream,USA,Chocolate,0,1,0,9787
Mark,Campos,162.01,Cookies and Cream,Norway,Mint,1,2,0,3401
Thomas,Horne,174.47,Rocky Road,Japan,Vanilla,0,1,0,7411
Michael,Woods,174.1,French Vanilla,Norway,Vanilla,0,2,0,12540
Michael,Mejia,160.78,Chocolate,Australia,Mint,0,0,0,9194
Ryan,Lyons,180.83,Pistachio,Denmark,Strawberry,1,4,0,7002
Ashley,Foster,165.37,Butter Pecan,Japan,Pistachio,1,0,0,11281
Kimberly,Macdonald,172.43,Chocolate,Canada,Mint,0,1,0,9757
Allison,Martinez,186.96,French Vanilla,Japan,Chocolate,0,0,0,5789
Steven,Oneal,162.54,Vanilla,UK,Vanilla,0,1,1,7737
Keith,Gray,175.16,Rocky Road,Norway,Stracciatella,1,3,0,9644
Kristen,Brady,164.29,Cookies and Cream,Japan,Strawberry,1,0,1,10258
Elizabeth,Shaw,173.17,Mint Chocolate Chip,Australia,Stracciatella,0,0,1,4437
Krystal,Scott,181.05,French Vanilla,USA,Vanilla,0,0,0,2418
Jennifer,Hunt,177.0,Pistachio,Australia,Mint,0,0,0,10592
Rachel,Parsons,172.56,Rocky Road,Brazil,Stracciatella,1,0,0,3063
Wesley,May,163.18,French Vanilla,Canada,Mint,0,1,0,12516
Brian,Baker,174.84,Chocolate,Norway,Mint,1,2,0,9545
Jonathan,Garcia,171.43,Vanilla,Canada,Vanilla,0,1,0,5497
James,White,174.12,Pistachio,China,Pistachio,1,0,0,9231
Lauren,Roberts,180.63,Butter Pecan,Germany,Vanilla,0,4,1,10640
Jonathan,Gregory,167.21,Strawberry,Germany,Strawberry,0,0,0,15454
Jacob,Obrien,183.35,Neapolitan,UK,Stracciatella,0,1,1,11757
Adrian,Peterson,158.76,Chocolate,UK,Pistachio,0,5,1,11348
Joseph,Odom,161.7,Cookies and Cream,Norway,Strawberry,1,2,0,12524
Tonya,Barrett,161.37,Mint Chocolate Chip,Brazil,Pistachio,1,1,1,13770
Laura,Turner,178.92,Mint Chocolate Chip,Japan,Strawberry,0,0,0,5676
Jerry,Richardson,169.42,Cookies and Cream,Australia,Pistachio,0,2,0,1766
Maria,Ramsey,163.31,Butter Pecan,UK,Mint,0,0,1,7039
Karen,Spencer,175.13,Chocolate,Canada,Stracciatella,0,1,1,8054
Patrick,Preston,164.12,Rocky Road,Canada,Stracciatella,0,0,0,9417
Lori,Freeman,171.46,Vanilla,Sweden,Pistachio,1,0,1,6535
Kathleen,Perkins,157.96,Cookies and Cream,Norway,Chocolate,1,2,0,9899
Shaun,Williams,156.92,Pistachio,Brazil,Mint,1,0,1,7762
Victoria,Rodriguez,172.81,Mint Chocolate Chip,France,Mint,0,1,1,6262
Jennifer,Moore,164.87,Strawberry,China,Mint,0,0,0,4294
Steven,Mullins,154.49,Vanilla,Brazil,Mint,1,0,1,4633
Jacqueline,Morris,167.46,Strawberry,Norway,Vanilla,1,5,0,4546
Amber,Bradley,159.12,Butter Pecan,China,Mint,0,0,0,1000
Janet,Webb,179.93,Neapolitan,China,Stracciatella,0,0,0,8614
Charles,Hughes,170.12,Rocky Road,Italy,Pistachio,0,3,1,10297
Alicia,Orr,180.18,Strawberry,China,Chocolate,1,1,0,8705
John,Moore,188.83,Mint Chocolate Chip,Sweden,Mint,0,1,0,6379
Timothy,Potter,160.99,Mint Chocolate Chip,Canada,Vanilla,0,0,0,10249
George,Rodriguez,180.45,French Vanilla,Finland,Vanilla,1,0,0,8837
Teresa,Kirk,167.29,Cookies and Cream,Canada,Mint,0,2,0,9716
Shelly,Henry,168.44,Butter Pecan,Canada,Stracciatella,0,0,0,5885
Sharon,Mercado,178.66,Pistachio,Norway,Strawberry,1,2,0,6834
Jo,Humphrey,168.63,Vanilla,Denmark,Chocolate,1,3,1,7083
Kyle,White,165.39,French Vanilla,Japan,Vanilla,0,2,0,7381
Gregory,Stafford,184.87,Strawberry,UK,Pistachio,0,0,1,10280
David,Rich,179.09,Mint Chocolate Chip,Japan,Strawberry,0,2,0,7659
Vanessa,Chase,161.25,Chocolate,Sweden,Vanilla,1,3,0,8664
Monique,Lang,183.47,Mint Chocolate Chip,Brazil,Strawberry,0,0,0,5058
Mark,Rhodes,174.68,French Vanilla,Finland,Stracciatella,0,5,0,4731
Roger,Khan,150.24,Chocolate,Denmark,Mint,1,2,0,12676
Brianna,Walters,169.63,Pistachio,Finland,Stracciatella,1,2,0,3408
Aaron,Wallace,175.03,Rocky Road,USA,Strawberry,0,0,0,6177
Patrick,Garcia,171.59,Mint Chocolate Chip,UK,Strawberry,0,1,1,7588
Brent,Martin,175.18,Chocolate,China,Vanilla,0,1,0,8408
Grant,Dalton,169.13,Cookies and Cream,UK,Pistachio,1,2,1,1000
Kimberly,Robinson,169.92,Chocolate,France,Chocolate,0,4,0,9143
Ashley,Young,165.4,Pistachio,Sweden,Mint,1,3,1,8934
Nicole,Mosley,174.42,French Vanilla,France,Vanilla,0,1,0,10970
Lauren,Klein,168.28,Vanilla,China,Pistachio,0,1,1,7348
Jessica,Morales,158.61,Butter Pecan,China,Vanilla,0,0,0,11438
Stephen,Cole,172.44,Pistachio,Denmark,Strawberry,1,1,0,7706
Linda,White,182.27,Pistachio,UK,Chocolate,0,1,1,6547
Christina,Lambert,155.13,Pistachio,Denmark,Mint,0,3,0,5101
Shannon,Morrow,148.85,Chocolate,Finland,Pistachio,1,2,1,5083
Steven,Christian,154.79,Pistachio,Denmark,Pistachio,1,0,1,10946
Aaron,Williams,167.82,Rocky Road,UK,Stracciatella,0,0,1,15047
Brittany,Rodriguez,172.39,French Vanilla,Sweden,Pistachio,1,0,0,5851
Stephen,Flores,167.98,Strawberry,USA,Pistachio,1,2,0,1000
Timothy,Brown,175.96,Chocolate,Sweden,Stracciatella,1,5,0,6512
Jessica,Flores,174.54,Neapolitan,Italy,Strawberry,0,1,0,5972
Robert,Jones,195.82,Strawberry,USA,Chocolate,0,0,0,3285
Alexandria,Vaughn,159.54,Chocolate,Italy,Vanilla,1,2,0,7230
Hector,Mccormick,179.31,Neapolitan,Norway,Strawberry,0,4,0,6385
Jacob,Clark,147.35,Chocolate,China,Strawberry,0,0,1,8136
Timothy,Smith,180.19,Vanilla,USA,Chocolate,1,0,0,9675
Rachel,Wright,182.48,Butter Pecan,Finland,Chocolate,1,3,0,4471
Steven,Benjamin,176.87,Cookies and Cream,UK,Stracciatella,0,3,1,6993
Mark,Wilson,164.43,Neapolitan,Brazil,Vanilla,0,1,0,3287
Kathy,Anderson,173.32,Strawberry,Germany,Stracciatella,0,1,0,12066
Stacy,Martin,170.7,Butter Pecan,Sweden,Vanilla,1,4,0,5721
Jonathan,Bates,180.08,Vanilla,Canada,Stracciatella,0,0,1,5836
Allison,Herrera,162.91,Butter Pecan,Japan,Chocolate,0,0,0,8215
Laura,Diaz,168.91,Pistachio,Brazil,Mint,0,0,0,9414
Dennis,Logan,177.5,Pistachio,Australia,Strawberry,0,0,0,5728
Roberto,Rogers,176.63,Pistachio,Germany,Strawberry,0,2,0,7286
Erik,Williams,143.96,French Vanilla,Italy,Stracciatella,0,3,0,13852
Alicia,Berger,165.36,Pistachio,Norway,Strawberry,1,1,1,8813
Jeanne,Mora,168.44,Chocolate,Denmark,Pistachio,1,1,0,4980
Meagan,Lopez,172.17,Chocolate,UK,Vanilla,0,3,1,6240
Amber,Turner,182.36,Rocky Road,USA,Chocolate,0,0,0,10279
Sergio,Mathews,183.65,Pistachio,Germany,Pistachio,1,1,0,12587
Tonya,Cuevas,174.81,Butter Pecan,USA,Stracciatella,0,0,0,3547
Keith,Davis,184.59,French Vanilla,Canada,Strawberry,1,1,1,7374
Ricky,Mcdowell,166.41,Pistachio,Australia,Stracciatella,0,1,1,5046
Erica,Jones,174.14,Vanilla,Brazil,Mint,0,0,0,5622
Mario,Wong,170.82,Butter Pecan,UK,Mint,0,3,1,6109
Ronald,Floyd,171.84,Neapolitan,Brazil,Strawberry,1,0,0,10195
Kelly,Hall,172.82,Neapolitan,France,Pistachio,0,5,1,2836
Mallory,Robinson,177.5,French Vanilla,Canada,Strawberry,0,1,0,5251
David,Dorsey,164.42,French Vanilla,Brazil,Vanilla,0,0,0,10044
Emily,Patrick,168.28,Pistachio,Italy,Stracciatella,0,1,0,4538
Albert,Hill,181.87,Vanilla,Sweden,Stracciatella,1,2,0,13845
Ronald,Brown,165.14,Strawberry,UK,Mint,0,0,1,11075
Kim,Hawkins,189.21,Rocky Road,Japan,Stracciatella,0,0,0,8052
Julie,Holland,182.56,Vanilla,Italy,Mint,0,1,0,3967
Peter,Cole,181.44,Neapolitan,USA,Chocolate,0,1,0,9774
Kathy,Hernandez,157.43,Rocky Road,Brazil,Pistachio,1,1,0,10040
Destiny,Lynch,183.95,Chocolate,USA,Vanilla,0,0,0,8290
Gabrielle,Rosales,175.48,Vanilla,France,Strawberry,1,1,0,7028
Michele,Cain,186.41,Strawberry,France,Chocolate,1,2,1,1000
Samantha,Lowe,181.78,Rocky Road,Denmark,Strawberry,1,4,1,14126
Micheal,Hernandez,168.99,Vanilla,Italy,Vanilla,0,1,0,8437
Robin,Riley,167.5,Cookies and Cream,China,Vanilla,0,1,0,9755
Kim,Powers,168.86,Neapolitan,USA,Mint,0,1,0,5297
Cody,Huff,161.64,Neapolitan,Norway,Mint,0,0,0,5107
Kurt,Shaw,186.07,Mint Chocolate Chip,Germany,Chocolate,0,3,0,11991
Jennifer,Gibbs,152.55,Neapolitan,Brazil,Pistachio,1,2,0,11963
Katherine,York,189.5,Neapolitan,Norway,Chocolate,1,3,1,4824
Kimberly,Gray,151.24,Pistachio,Japan,Pistachio,0,1,0,1000
Donna,Miller,154.12,Strawberry,Finland,Stracciatella,1,3,0,11766
Amanda,Harrison,178.49,Neapolitan,Denmark,Strawberry,1,1,0,10837
Jasmine,Gillespie,152.39,Strawberry,Canada,Mint,1,0,0,7621
Felicia,Hicks,159.7,Mint Chocolate Chip,Finland,Stracciatella,1,0,0,10901
Kevin,Nelson,165.04,Mint Chocolate Chip,USA,Mint,0,0,0,8932
Benjamin,Howell,165.44,Rocky Road,USA,Mint,1,0,0,3263
Patricia,Nelson,189.73,Rocky Road,Canada,Strawberry,0,1,0,2189
Kimberly,Scott,166.13,Mint Chocolate Chip,UK,Mint,0,0,1,5715
Barry,Parks,167.98,Pistachio,UK,Mint,0,1,1,6524
Matthew,Chambers,166.01,Rocky Road,Norway,Stracciatella,1,2,1,6543
Caroline,Snow,163.9,Chocolate,Brazil,Strawberry,0,1,0,3345
Brian,Mills,157.83,Chocolate,Canada,Mint,1,1,0,9986
Douglas,Ochoa,202.19,Vanilla,USA,Strawberry,0,1,0,10550
Brian,Cuevas,153.91,Rocky Road,Germany,Pistachio,0,1,1,9253
Brittney,Porter,171.06,French Vanilla,Australia,Stracciatella,0,0,0,10121
Steven,Moreno,164.27,Pistachio,China,Vanilla,0,0,0,10937
Susan,Diaz,169.87,Cookies and Cream,Brazil,Vanilla,0,0,0,8598
Taylor,Crawford,167.67,Rocky Road,France,Mint,1,1,0,7757
Christopher,Mitchell,151.16,Cookies and Cream,UK,Mint,1,1,1,9262
Megan,Carter,179.54,Butter Pecan,Japan,Vanilla,0,1,0,6266
Laurie,Davis,169.84,Cookies and Cream,Brazil,Strawberry,0,0,0,12400
Samantha,Simon,182.82,Neapolitan,Norway,Strawberry,1,3,0,9617
Jennifer,Gonzalez,154.78,Neapolitan,France,Strawberry,0,2,0,10071
Megan,Wyatt,168.18,Rocky Road,Denmark,Chocolate,1,4,1,8796
Joseph,Davidson,168.63,Strawberry,Canada,Pistachio,0,0,1,7466
Scott,Peters,164.59,Vanilla,Sweden,Vanilla,1,1,0,5261
Robert,Terry,185.84,Neapolitan,Japan,Pistachio,1,0,1,12039
Rebecca,Woods,162.3,Strawberry,France,Strawberry,0,3,1,4216
Anthony,Lee,168.47,Butter Pecan,China,Stracciatella,0,1,0,11271
Austin,Lee,179.25,Neapolitan,Finland,Stracciatella,0,3,1,11599
Robert,Long,176.74,Vanilla,Finland,Chocolate,1,3,0,11207
Shawn,Davis,164.31,Strawberry,France,Vanilla,0,3,0,5679
Carrie,Williams,161.23,Rocky Road,Germany,Strawberry,1,3,0,12349
Susan,Bradley,170.03,Cookies and Cream,France,Chocolate,1,2,0,3721
Stephanie,Bennett,157.01,Vanilla,UK,Chocolate,0,0,1,10375
Douglas,Armstrong,167.89,French Vanilla,Denmark,Stracciatella,0,1,0,6288
Lauren,Bonilla,165.02,Rocky Road,Canada,Chocolate,0,1,0,6210
Jessica,Bowen,162.82,French Vanilla,Denmark,Stracciatella,1,2,0,7102
Raymond,Brennan,178.77,Butter Pecan,Australia,Mint,0,1,1,6983
Lisa,Price,177.74,Vanilla,Denmark,Pistachio,1,0,0,7483
Casey,Tyler,169.03,Cookies and Cream,Denmark,Pistachio,0,3,0,6621
Anthony,Smith,169.78,Butter Pecan,Australia,Stracciatella,0,0,0,4760
Elizabeth,Harrison,160.6,Pistachio,UK,Stracciatella,0,4,1,10779
Crystal,Cooper,165.85,French Vanilla,Sweden,Pistachio,1,3,1,8685
Stephanie,Schultz,164.29,Cookies and Cream,China,Stracciatella,1,1,0,5372
Mary,Brown,160.99,Pistachio,China,Chocolate,0,0,0,11445
James,Gregory,187.06,Vanilla,Australia,Vanilla,0,1,0,8167
Dawn,James,180.07,Vanilla,Australia,Mint,0,0,1,7071
Pamela,Mcdaniel,168.38,Butter Pecan,Sweden,Strawberry,1,3,0,3931
Timothy,Williams,170.81,Strawberry,Denmark,Strawberry,1,3,0,9243
Desiree,Hebert,173.27,Chocolate,UK,Vanilla,0,2,1,3605
Joseph,Norris,173.65,Vanilla,China,Pistachio,0,0,0,11944
Erica,Curry,152.48,Vanilla,Canada,Strawberry,0,2,0,7299
Paul,Chase,156.64,Strawberry,Australia,Mint,1,0,0,15914
Samuel,Preston,168.58,Butter Pecan,USA,Vanilla,0,0,0,14646
Patricia,Harmon,181.08,Pistachio,China,Strawberry,0,0,0,9670
Emily,Walters,185.73,French Vanilla,Canada,Stracciatella,1,1,0,6303
Samuel,Alvarado,158.48,French Vanilla,Finland,Vanilla,1,4,0,6586
Ronald,White,180.52,Butter Pecan,UK,Pistachio,0,2,1,4225
Kylie,Peterson,166.91,French Vanilla,Japan,Mint,0,1,0,10194
Jose,Kramer,161.92,Chocolate,Australia,Pistachio,0,0,0,12413
Robert,Cox,175.05,Butter Pecan,Japan,Stracciatella,0,0,0,5901
Andrew,Huang,177.34,Pistachio,USA,Mint,0,0,0,7751
Victor,Reyes,177.24,Butter Pecan,Denmark,Pistachio,1,0,0,8729
Kayla,Mendoza,180.47,Rocky Road,Sweden,Chocolate,1,1,0,6548
Maria,Wilson,169.21,French Vanilla,China,Pistachio,0,0,0,8370
Mary,Newton,171.76,Vanilla,Australia,Pistachio,0,1,0,12220
Brianna,Mullins,159.85,Vanilla,Germany,Vanilla,0,2,0,6547
Amanda,Payne,161.53,Rocky Road,Australia,Vanilla,0,1,0,6610
Ann,Hernandez,171.53,Cookies and Cream,Denmark,Strawberry,0,0,1,10307
Cassie,Grant,172.87,Pistachio,Norway,Vanilla,1,2,0,8112
Elizabeth,Adkins,158.4,Pistachio,Japan,Stracciatella,0,1,1,7179
Mitchell,Smith,155.88,Neapolitan,Germany,Vanilla,0,2,0,12778
John,Thompson,164.55,French Vanilla,France,Stracciatella,0,1,1,8058
Molly,Murphy,157.16,Butter Pecan,Australia,Mint,0,1,0,5627
William,Johnson,165.63,French Vanilla,Japan,Pistachio,0,0,0,8102
Kristen,Tyler,160.55,Neapolitan,UK,Chocolate,0,4,1,13996
Bryan,Sawyer,168.83,Pistachio,China,Strawberry,1,0,0,14083
Chelsea,Smith,166.69,Chocolate,Italy,Stracciatella,1,0,0,6395
Michael,Li,172.52,Mint Chocolate Chip,Brazil,Mint,0,0,0,8884
Jason,Johnson,164.25,Mint Chocolate Chip,Denmark,Strawberry,1,2,0,5016
Kristina,Ramos,166.99,Butter Pecan,Sweden,Pistachio,1,1,0,8748
Kerry,Gray,153.24,Vanilla,USA,Stracciatella,1,0,0,8068
Karen,Meadows,176.87,French Vanilla,Sweden,Strawberry,0,3,0,10212
Christopher,Montgomery,173.02,Butter Pecan,Canada,Strawberry,0,2,0,16265
Bonnie,Vincent,172.81,Pistachio,Canada,Pistachio,0,1,0,7083
Peter,Wolfe,168.49,Mint Chocolate Chip,Sweden,Mint,1,2,1,2324
David,Jones,174.05,Neapolitan,Italy,Vanilla,0,2,0,6842
Julia,Medina,162.73,Butter Pecan,Italy,Stracciatella,0,1,0,5782
Donald,Moreno,173.08,Pistachio,Norway,Stracciatella,1,0,0,9956
William,Miles,179.18,Rocky Road,UK,Chocolate,0,2,1,6934
Ian,Meyer,171.08,French Vanilla,China,Vanilla,0,0,0,9244
Maria,Adams,170.02,French Vanilla,UK,Stracciatella,0,1,1,7913
Ronnie,Nixon,175.58,Strawberry,Germany,Strawberry,1,3,0,4014
John,Burgess,172.5,Pistachio,Italy,Pistachio,0,3,0,9763
Jennifer,Ward,178.92,Mint Chocolate Chip,Sweden,Stracciatella,1,1,0,9859
Drew,Smith,147.01,Vanilla,Sweden,Mint,1,2,1,7404
Jamie,Norris,171.46,Cookies and Cream,Germany,Pistachio,0,3,1,5354
Tiffany,Carter,182.78,Mint Chocolate Chip,Norway,Vanilla,1,1,0,15014
Edward,Cummings,172.38,Cookies and Cream,Italy,Stracciatella,0,1,1,7292
Russell,Ramsey,169.02,Rocky Road,Japan,Mint,1,0,0,5968
Gina,Campbell,182.82,Chocolate,Sweden,Strawberry,1,1,0,9246
Donald,Herrera,168.32,Neapolitan,Finland,Chocolate,1,1,0,6397
James,Gonzales,169.57,Pistachio,Sweden,Stracciatella,1,3,1,8452
Madison,Frey,145.04,Neapolitan,Finland,Stracciatella,1,1,1,9752
Whitney,Acosta,178.43,Rocky Road,Sweden,Pistachio,1,1,0,9841
Roger,Burke,169.18,Vanilla,Canada,Stracciatella,0,2,1,9897
Mark,Cox,162.13,Vanilla,Sweden,Mint,1,0,0,6577
Kimberly,Cook,175.45,Cookies and Cream,Japan,Strawberry,0,1,1,4960
Douglas,Landry,178.82,Strawberry,USA,Strawberry,1,0,1,2938
Theresa,Robertson,176.0,French Vanilla,Italy,Pistachio,0,2,0,4917
Natalie,Boyd,182.21,Pistachio,Germany,Chocolate,0,1,0,6880
Yolanda,Graves,170.16,Butter Pecan,China,Mint,1,1,0,6445
Julie,Thompson,176.06,Neapolitan,France,Chocolate,0,2,0,11975
Antonio,Morgan,175.49,French Vanilla,Germany,Chocolate,0,5,0,10595
Stephanie,Silva,174.1,Butter Pecan,Canada,Strawberry,0,0,0,10429
Harold,Davis,170.13,Chocolate,Finland,Vanilla,1,0,0,6493
William,Kelly,174.22,Mint Chocolate Chip,Japan,Pistachio,1,0,0,4978
Michelle,Edwards,161.68,Mint Chocolate Chip,Finland,Stracciatella,1,2,1,7448
Sherry,Jones,170.9,French Vanilla,Japan,Vanilla,0,1,0,8564
Brittany,Daniel,173.41,Mint Chocolate Chip,Sweden,Strawberry,1,2,0,8248
Sara,Small,167.21,French Vanilla,Denmark,Pistachio,1,2,0,5815
Greg,Howell,177.58,Chocolate,Germany,Pistachio,1,4,0,7412
Samantha,Owens,159.27,Neapolitan,Brazil,Chocolate,0,0,1,11180
William,Moore,167.14,Butter Pecan,Germany,Chocolate,0,4,1,5181
Wendy,Wheeler,167.3,Butter Pecan,Finland,Stracciatella,1,3,0,11357
Teresa,French,172.98,Neapolitan,Denmark,Pistachio,1,3,0,4406
Matthew,Orr,173.46,Butter Pecan,Denmark,Chocolate,1,4,0,10661
Sharon,Brown,163.71,Chocolate,Norway,Mint,1,2,1,7655
Bryan,Stewart,185.83,French Vanilla,USA,Mint,0,0,1,9700
Sarah,Hensley,180.46,Pistachio,China,Stracciatella,0,0,0,10424
Michael,Smith,169.29,Chocolate,Norway,Chocolate,1,1,0,5455
Marilyn,Cuevas,173.02,Butter Pecan,Australia,Pistachio,0,1,0,5797
Mario,Knight,161.07,French Vanilla,Italy,Strawberry,0,2,0,7575
Levi,Jimenez,172.24,Butter Pecan,Denmark,Stracciatella,1,4,0,6577
Brian,Johnson,173.66,Cookies and Cream,Denmark,Mint,1,1,0,8567
Michelle,Mason,187.1,French Vanilla,France,Pistachio,0,1,0,9473
Anthony,Figueroa,168.54,Mint Chocolate Chip,France,Strawberry,0,3,0,10965
Christopher,Clark,190.12,Butter Pecan,Denmark,Mint,1,4,0,14555
Peggy,Green,180.02,Butter Pecan,Finland,Chocolate,1,2,1,5939
Brianna,Parker,149.64,Cookies and Cream,China,Stracciatella,0,1,0,7955
Scott,Parsons,162.38,Cookies and Cream,UK,Mint,0,4,1,2595
Barbara,Harrell,167.89,Butter Pecan,Australia,Strawberry,0,0,0,4350
Judy,Daniels,179.76,Cookies and Cream,Denmark,Mint,1,1,0,4635
Brittany,Ramirez,167.71,Chocolate,Japan,Pistachio,0,0,1,2293
Kevin,Allen,171.57,Mint Chocolate Chip,Brazil,Chocolate,0,1,0,4250
Christine,Wilkins,183.22,Butter Pecan,Finland,Chocolate,1,0,0,4463
Jennifer,Mora,185.95,Rocky Road,Denmark,Pistachio,0,2,0,7340
Kyle,Campos,148.18,Pistachio,Germany,Strawberry,0,4,1,8253
Robert,Costa,178.9,French Vanilla,USA,Stracciatella,0,0,0,4792
Marie,Fox,161.25,Butter Pecan,Australia,Strawberry,1,0,0,7948
Joseph,Torres,176.38,Chocolate,Japan,Vanilla,1,0,0,9515
Stephanie,Hardy,152.38,Vanilla,Norway,Pistachio,0,2,1,3824
Shane,Huynh,183.01,Cookies and Cream,Finland,Vanilla,1,1,0,13112
Michael,Mendoza,183.4,Butter Pecan,Italy,Stracciatella,0,1,0,10118
Brandon,King,177.06,Mint Chocolate Chip,Canada,Chocolate,0,2,0,11572
Richard,Miller,173.75,Butter Pecan,Italy,Pistachio,1,1,0,15017
Courtney,White,169.8,Butter Pecan,Australia,Pistachio,1,0,0,6997
Mark,Gibbs,187.54,Chocolate,Germany,Mint,0,2,0,5795
Michael,Perez,165.08,Cookies and Cream,Canada,Chocolate,0,1,0,3029
Margaret,Brown,157.58,Mint Chocolate Chip,Finland,Mint,1,2,1,7178
Carlos,Noble,164.71,Chocolate,China,Vanilla,1,2,0,7957
Andrew,Reynolds,179.5,Mint Chocolate Chip,Brazil,Vanilla,0,0,0,9177
Adam,Taylor,162.19,Mint Chocolate Chip,Brazil,Pistachio,0,0,0,9360
Matthew,Clayton,154.04,Neapolitan,China,Chocolate,0,1,0,9896
Deborah,Herrera,165.4,Cookies and Cream,Brazil,Vanilla,1,0,0,6131
Michael,Robbins,163.9,Vanilla,China,Chocolate,1,1,0,10723
Dennis,Perez,161.71,Butter Pecan,USA,Strawberry,0,0,1,8370
Christian,Arnold,193.28,Rocky Road,Canada,Stracciatella,0,1,0,4333
Victoria,Ramirez,180.83,Chocolate,Sweden,Strawberry,1,2,1,9259
Tara,Taylor,178.03,Strawberry,Denmark,Chocolate,1,1,0,8819
Stephen,Watson,152.68,Cookies and Cream,Germany,Vanilla,0,0,0,1776
Scott,Livingston,173.31,Butter Pecan,Italy,Stracciatella,0,0,0,5023
Melissa,Anderson,161.98,Strawberry,Finland,Mint,1,1,0,6338
Mark,Flores,160.56,Rocky Road,Norway,Chocolate,1,2,1,8655
Maria,Young,168.26,Cookies and Cream,Denmark,Stracciatella,0,1,0,6661
Taylor,Davis,159.18,Mint Chocolate Chip,Australia,Mint,0,2,0,5594
Seth,Yang,187.48,Pistachio,UK,Vanilla,1,2,1,1000
Vicki,Johnson,174.57,Vanilla,Canada,Vanilla,0,0,0,5460
Jessica,Hayes,183.27,Butter Pecan,Italy,Chocolate,0,4,0,10777
Heidi,Peterson,157.02,Butter Pecan,France,Chocolate,0,0,1,10173
Amy,Murray,165.92,Vanilla,Japan,Stracciatella,0,2,1,8183
Kristen,Collins,177.2,Pistachio,UK,Pistachio,1,2,1,13354
Carrie,Lane,178.32,Cookies and Cream,Brazil,Vanilla,1,0,0,8040
Billy,Novak,177.1,Vanilla,Denmark,Strawberry,1,2,0,13422
Megan,King,154.86,Mint Chocolate Chip,France,Strawberry,0,1,0,9518
Amy,White,168.44,Pistachio,Canada,Vanilla,0,0,0,5611
Richard,Howard,182.79,Rocky Road,France,Mint,0,4,0,8503
Jeremiah,Lewis,170.2,French Vanilla,Sweden,Pistachio,1,3,0,5102
Michael,Hall,174.71,Mint Chocolate Chip,Australia,Vanilla,0,0,0,6384
Janet,Hernandez,150.76,Vanilla,Canada,Mint,0,0,0,3118
Karen,Jacobs,171.45,Neapolitan,UK,Pistachio,0,4,1,14067
Eric,Wiggins,173.9,French Vanilla,USA,Stracciatella,1,0,0,6184
Diane,Ortiz,172.93,Mint Chocolate Chip,Japan,Pistachio,1,0,0,10202
Joseph,Cruz,161.7,Mint Chocolate Chip,France,Stracciatella,0,2,0,9544
Shannon,Quinn,163.5,Neapolitan,Germany,Strawberry,0,1,0,6869
John,Garcia,165.84,Chocolate,Brazil,Vanilla,0,0,1,6076
Lindsey,Rogers,172.62,Chocolate,UK,Strawberry,0,4,1,9977
Nicholas,Ponce,176.0,Strawberry,France,Pistachio,0,2,0,6844
David,Butler,155.86,Cookies and Cream,Brazil,Chocolate,0,1,0,2395
Jeremiah,Chapman,161.26,Cookies and Cream,Sweden,Stracciatella,0,0,0,10573
Sara,Pacheco,169.0,Butter Pecan,Canada,Pistachio,0,0,1,9660
Maureen,Nelson,184.65,Rocky Road,China,Vanilla,0,0,0,7182
Melissa,Mckenzie,164.18,Cookies and Cream,Japan,Pistachio,0,0,0,11701
Sherry,Young,173.19,Butter Pecan,Japan,Pistachio,1,2,0,7418
Karen,Johnson,162.64,Vanilla,Japan,Vanilla,1,0,0,9620
John,Moreno,166.95,Butter Pecan,Brazil,Mint,1,0,0,11252
Kelly,Riggs,179.53,Neapolitan,USA,Stracciatella,0,2,0,8630
Jennifer,Davis,174.72,Vanilla,Brazil,Strawberry,0,0,0,6383
Jamie,Lee,160.78,Vanilla,Italy,Vanilla,0,4,1,7235
Willie,Underwood,159.19,Pistachio,Norway,Vanilla,1,4,0,5765
Christopher,Wilkins,171.23,Cookies and Cream,China,Vanilla,0,1,0,7008
Susan,Haynes,168.61,Pistachio,China,Chocolate,0,1,0,7524
Lauren,Brown,170.1,Strawberry,Norway,Stracciatella,1,2,0,6539
Collin,Jordan,182.57,Strawberry,Sweden,Vanilla,0,4,0,6953
William,Jimenez,164.98,French Vanilla,Denmark,Pistachio,1,2,0,2125
Rebecca,Cline,166.9,Neapolitan,Norway,Strawberry,1,0,0,1000
Michael,Moore,166.99,Butter Pecan,Germany,Vanilla,0,2,0,4115
Donna,Anderson,179.15,Butter Pecan,China,Pistachio,0,0,1,7665
Marcus,Coleman,175.33,Chocolate,China,Stracciatella,1,0,0,12325
Lisa,Jackson,152.64,French Vanilla,Germany,Stracciatella,0,5,0,6240
Mary,Juarez,186.03,Chocolate,Australia,Stracciatella,0,0,0,6140
Steven,Thompson,170.33,French Vanilla,Australia,Stracciatella,1,0,0,12053
Robin,Johnson,162.03,Strawberry,Germany,Chocolate,1,3,1,3462
Scott,Fleming,174.08,Mint Chocolate Chip,Canada,Stracciatella,0,0,0,14531
Shannon,Ferguson,178.58,Neapolitan,Denmark,Mint,1,4,0,4626
Kevin,Huber,145.83,Chocolate,USA,Strawberry,0,0,0,6112
Renee,Wood,193.31,Vanilla,France,Vanilla,0,1,0,8590
Renee,Johnson,174.44,Cookies and Cream,Denmark,Chocolate,1,1,0,8011
Nicholas,Robinson,189.49,Pistachio,USA,Strawberry,1,1,0,9777
Nicholas,Brooks,169.5,Pistachio,Italy,Pistachio,1,2,0,6097
Francisco,Matthews,184.19,Butter Pecan,Japan,Mint,0,2,0,4861
Molly,Todd,175.13,Mint Chocolate Chip,Finland,Pistachio,1,4,0,3629
Vickie,Rogers,144.54,Neapolitan,Australia,Strawberry,1,0,0,6735
Sylvia,Morrison,162.33,Cookies and Cream,USA,Stracciatella,0,0,0,9255
Richard,Soto,164.52,Strawberry,France,Strawberry,0,2,0,9078
Martha,Cox,165.87,Vanilla,China,Vanilla,0,0,0,8645
Jose,Nolan,157.29,Cookies and Cream,Finland,Stracciatella,1,1,0,10299
Jacqueline,Sutton,181.49,Butter Pecan,China,Strawberry,0,1,0,12014
Nicholas,Dunn,162.25,Strawberry,Canada,Strawberry,0,0,1,11022
Melissa,Thompson,170.76,Rocky Road,Brazil,Mint,0,0,0,2062
Ryan,Smith,152.23,Neapolitan,Norway,Mint,1,2,0,7193
Eric,Sullivan,172.43,Cookies and Cream,Brazil,Strawberry,0,0,0,6403
Nathan,Estrada,165.72,Cookies and Cream,Germany,Mint,0,1,0,9156
Troy,Hansen,160.4,Rocky Road,Norway,Mint,1,1,0,9859
Matthew,Mathis,178.34,French Vanilla,China,Pistachio,0,2,0,1607
Kristine,Frederick,168.2,Butter Pecan,Italy,Stracciatella,0,1,0,12221
Kelly,James,164.43,Vanilla,Denmark,Vanilla,1,1,1,4374
Brandon,Jackson,159.44,Cookies and Cream,Norway,Mint,1,4,1,8496
Robert,Velez,164.92,Rocky Road,Canada,Mint,0,2,0,3853
Rebecca,Greer,175.57,Mint Chocolate Chip,UK,Chocolate,0,1,1,7318
Patricia,Frank,171.35,Rocky Road,Japan,Strawberry,0,0,0,7574
Ricardo,Tran,168.56,Strawberry,China,Vanilla,0,0,0,9513
Shelly,Goodwin,175.92,Butter Pecan,Canada,Strawberry,0,0,0,9879
Paul,Stewart,163.54,Neapolitan,Sweden,Strawberry,1,1,0,6136
William,Faulkner,183.87,Neapolitan,Italy,Chocolate,0,2,0,10587
Jacob,Moon,168.77,Butter Pecan,Australia,Pistachio,0,0,0,7518
Aaron,Williams,184.8,Vanilla,Norway,Mint,1,2,0,15502
Michael,Carroll,178.42,Neapolitan,Germany,Stracciatella,0,3,0,13094
Brian,Martin,170.54,French Vanilla,Australia,Strawberry,0,1,0,1056
Margaret,Martinez,143.96,Vanilla,Australia,Vanilla,1,1,0,11164
Peter,Smith,179.72,Chocolate,Norway,Strawberry,1,3,0,7891
Karen,Bauer,172.59,Vanilla,UK,Mint,0,6,1,6713
Thomas,Moore,168.42,French Vanilla,Italy,Pistachio,1,1,0,8278
Kristina,Graham,172.21,Pistachio,Sweden,Vanilla,1,0,0,8891
Diamond,Perez,169.12,Strawberry,Canada,Stracciatella,0,0,0,4176
Victoria,Barry,168.86,Vanilla,Sweden,Mint,1,3,1,11558
Nicholas,Bryant,150.45,Butter Pecan,China,Pistachio,0,0,1,12620
Autumn,Simpson,169.62,Pistachio,Denmark,Stracciatella,0,1,0,11481
Cynthia,Archer,179.54,Cookies and Cream,Sweden,Chocolate,1,2,0,8959
Timothy,Jones,166.24,Strawberry,USA,Chocolate,0,1,1,7358
Jennifer,Lopez,178.77,Chocolate,Finland,Pistachio,1,2,0,10910
Jill,Harrell,164.88,Chocolate,Sweden,Mint,0,1,0,10570
Joseph,Shelton,188.21,Pistachio,USA,Chocolate,1,0,0,8453
Derek,Mccarthy,170.14,Pistachio,Canada,Chocolate,0,0,1,5190
Carla,Sullivan,168.11,Pistachio,Denmark,Stracciatella,0,1,0,4448
Michelle,Myers,172.87,Strawberry,China,Strawberry,1,0,0,8983
Ryan,Atkins,149.35,Pistachio,Brazil,Pistachio,0,0,0,10857
Jimmy,Cortez,168.31,Butter Pecan,USA,Pistachio,1,1,0,10860
Daniel,Sanford,160.26,Butter Pecan,Germany,Stracciatella,0,3,0,10478
Ashley,Marshall,176.26,Strawberry,Australia,Strawberry,0,0,0,1000
Michael,Bryant,167.21,Cookies and Cream,China,Mint,0,0,0,12077
Debra,Griffith,162.52,Chocolate,Denmark,Vanilla,1,3,0,2954
Amanda,Herman,170.58,Mint Chocolate Chip,UK,Chocolate,0,3,1,7113
Scott,Hale,149.61,Pistachio,Japan,Strawberry,1,0,0,5884
Erik,Roberts,170.25,Cookies and Cream,Brazil,Strawberry,0,0,0,9976
Kevin,Berry,176.01,Neapolitan,Sweden,Strawberry,1,3,0,15492
Elizabeth,Callahan,185.64,Butter Pecan,France,Vanilla,0,2,0,8138
Renee,Lewis,173.46,Pistachio,USA,Stracciatella,0,0,0,5146
William,Mccormick,179.87,Rocky Road,Germany,Mint,0,0,0,6974
Austin,Warner,167.32,Butter Pecan,Japan,Mint,1,0,0,11765
Sean,Edwards,170.85,Chocolate,Japan,Vanilla,0,0,0,6506
Brooke,Little,178.11,Chocolate,Italy,Pistachio,1,6,1,9887
Mary,Jensen,158.86,Butter Pecan,Denmark,Strawberry,0,1,0,7055
Sharon,Sutton,169.04,Chocolate,Norway,Mint,1,0,0,8175
Sandra,Harris,154.56,Chocolate,France,Pistachio,0,4,0,6188
Wesley,Evans,186.44,Pistachio,Italy,Stracciatella,1,2,0,7599
Lauren,Salinas,172.86,Chocolate,Norway,Mint,1,4,0,8431
Peter,Stevens,182.36,Vanilla,France,Vanilla,1,0,0,3128
Jennifer,Williams,163.06,Pistachio,Germany,Vanilla,1,1,0,6890
Cassandra,Turner,175.37,Pistachio,Australia,Chocolate,1,0,0,1375
Daniel,Powell,181.74,Strawberry,Norway,Mint,1,2,0,7308
Tara,Palmer,173.92,Vanilla,Canada,Stracciatella,0,0,1,9738
Michelle,Reed,179.77,Neapolitan,Finland,Strawberry,1,0,1,12236
Sonya,Wilson,170.35,Chocolate,Sweden,Strawberry,1,1,0,8346
Charles,Williams,182.76,Cookies and Cream,Norway,Vanilla,1,1,1,7832
Sharon,Wright,173.7,Butter Pecan,Japan,Pistachio,0,0,0,7864
Eric,Ruiz,174.92,Chocolate,Italy,Mint,0,0,0,4300
Elizabeth,Olson,160.97,Rocky Road,Italy,Strawberry,0,0,0,6443
Summer,Vazquez,165.92,Strawberry,Finland,Chocolate,1,0,0,10559
Sarah,Lozano,177.8,Chocolate,Norway,Stracciatella,1,1,1,5810
Shaun,Stephens,179.31,Rocky Road,Norway,Stracciatella,0,1,0,13923
Michelle,Bender,161.5,French Vanilla,Germany,Strawberry,0,0,1,10092
Lonnie,Brooks,177.92,Mint Chocolate Chip,Japan,Chocolate,1,0,0,5491
Kristen,Schmidt,167.63,Chocolate,Canada,Chocolate,0,1,0,10547
Monica,Brown,171.03,Strawberry,Denmark,Chocolate,1,3,0,4176
Ann,Robertson,170.19,Chocolate,France,Mint,0,4,1,17294
Dustin,Black,154.11,Neapolitan,USA,Strawberry,1,3,0,7225
Daniel,Mcguire,178.35,Pistachio,Japan,Pistachio,0,0,0,7796
Samuel,Brown,171.66,Butter Pecan,China,Mint,0,0,0,11575
Christopher,Weaver,160.94,Cookies and Cream,Denmark,Pistachio,1,3,0,1000
Eric,Mcknight,159.5,Chocolate,Germany,Pistachio,0,0,0,10052
Jacqueline,Robles,159.4,Strawberry,Canada,Vanilla,1,1,0,6052
Elizabeth,Reynolds,178.33,Neapolitan,Italy,Stracciatella,0,2,0,7160
William,Bishop,159.98,Mint Chocolate Chip,Brazil,Stracciatella,0,0,1,4690
Ryan,Pratt,172.29,Strawberry,Norway,Mint,1,3,0,10461
Courtney,Weber,175.39,Pistachio,Japan,Mint,0,1,0,3519
Jasmine,French,171.17,Cookies and Cream,Denmark,Mint,1,3,1,1628
Michaela,Stone,170.85,Strawberry,Finland,Pistachio,1,2,0,5297
Hannah,Knight,163.64,Chocolate,Canada,Chocolate,0,0,0,1000
Roy,Williams,183.34,Pistachio,China,Stracciatella,0,1,0,6299
Tammy,Mcintosh,170.11,Strawberry,Canada,Mint,1,1,0,6200
Bethany,House,170.31,Strawberry,Australia,Stracciatella,0,0,0,3920
Kimberly,Hensley,173.33,Strawberry,Japan,Strawberry,0,0,0,11683
Christopher,Chen,153.49,Neapolitan,Germany,Pistachio,0,0,0,3045
Gregory,Lloyd,175.8,Neapolitan,Sweden,Pistachio,1,4,0,6658
Monica,Scott,162.03,Vanilla,Germany,Chocolate,0,2,0,11301
Traci,Taylor,175.3,Strawberry,Brazil,Pistachio,0,1,0,6857
Sandra,Davis,161.91,Vanilla,Finland,Vanilla,1,3,0,2030
Shane,Smith,174.91,Strawberry,Finland,Vanilla,1,2,0,5975
Mark,Adams,170.46,Butter Pecan,Japan,Chocolate,0,1,0,7295
Kerry,Glenn,181.33,Vanilla,Italy,Mint,0,1,1,5319
Jane,Sanders,177.99,Chocolate,Germany,Chocolate,0,2,0,9932
George,Chapman,186.54,Butter Pecan,China,Stracciatella,0,0,0,8245
Anthony,Wright,173.75,Cookies and Cream,France,Strawberry,0,2,1,11542
Rebecca,Horne,164.96,Strawberry,Japan,Strawberry,0,0,0,9209
David,Ballard,169.98,Vanilla,Finland,Vanilla,1,2,0,11681
Ian,Lyons,183.2,Vanilla,Italy,Pistachio,0,2,1,3258
Ryan,Baker,164.48,Mint Chocolate Chip,France,Stracciatella,0,4,0,4290
Jessica,Anderson,164.11,Vanilla,Japan,Strawberry,1,0,0,6719
Jillian,Morales,167.54,Neapolitan,Germany,Stracciatella,1,0,0,10109
Beverly,Woods,179.52,Neapolitan,Italy,Stracciatella,0,2,0,6416
Sarah,Moore,183.67,Pistachio,UK,Pistachio,0,1,1,12104
Jesus,Sanchez,172.44,Pistachio,Canada,Pistachio,0,1,0,8377
Courtney,Adams,181.24,Cookies and Cream,Sweden,Chocolate,1,2,0,7673
Erin,Rowe,169.94,Mint Chocolate Chip,UK,Pistachio,0,1,1,6865
Hector,Booth,167.53,Chocolate,Germany,Chocolate,1,1,0,8719
Laura,Wright,150.28,Cookies and Cream,Sweden,Pistachio,1,1,1,9458
Jennifer,Harmon,192.87,Cookies and Cream,Norway,Pistachio,1,3,1,9304
Jose,Orr,175.31,Mint Chocolate Chip,China,Pistachio,0,1,0,6818
Sarah,Rodriguez,163.0,Rocky Road,USA,Vanilla,0,0,0,10816
Kristine,Velasquez,165.51,Neapolitan,Canada,Vanilla,1,0,0,4330
Miranda,Colon,175.9,Rocky Road,Sweden,Pistachio,1,1,0,4657
Andrew,Gutierrez,166.61,Mint Chocolate Chip,Italy,Mint,1,2,0,6107
Matthew,Bailey,156.89,Vanilla,Sweden,Chocolate,1,5,0,14535
Kristen,Lambert,188.32,Butter Pecan,Denmark,Pistachio,1,4,0,8583
Sylvia,Burns,172.74,Strawberry,Brazil,Pistachio,0,1,0,6341
Brittany,Clark,173.0,Chocolate,Sweden,Vanilla,1,2,0,8461
William,Myers,162.43,Butter Pecan,Australia,Stracciatella,1,1,0,10587
Samantha,Dixon,166.64,Strawberry,Japan,Strawberry,1,0,1,2915
Sheila,Ochoa,175.32,Butter Pecan,Sweden,Strawberry,1,4,0,8328
Bruce,Boone,159.46,Chocolate,Australia,Chocolate,0,0,0,6750
Tamara,Jones,158.93,Vanilla,Denmark,Stracciatella,1,3,0,10987
Carol,Kane,169.34,Butter Pecan,Brazil,Strawberry,0,0,0,8478
Traci,Bowen,162.5,Rocky Road,Australia,Vanilla,0,1,1,8147
Michelle,Meza,158.17,Pistachio,Norway,Vanilla,1,1,0,10167
Michael,Sampson,185.25,Neapolitan,Germany,Mint,0,1,0,9729
Michael,Warner,165.71,French Vanilla,Brazil,Mint,0,1,0,3474
Carol,Coleman,155.97,French Vanilla,Australia,Chocolate,0,0,0,10216
Howard,Mcintyre,162.96,Vanilla,China,Pistachio,0,0,1,11840
Amanda,Cox,184.34,Rocky Road,Germany,Strawberry,0,3,0,7068
Douglas,Gray,158.78,Vanilla,Finland,Stracciatella,1,3,0,3356
David,Goodwin,166.91,Chocolate,China,Stracciatella,0,1,0,7511
Thomas,Joseph,168.12,French Vanilla,Finland,Strawberry,0,2,1,5386
Jennifer,Hughes,161.09,French Vanilla,Brazil,Chocolate,0,0,0,6236
Harry,Young,168.41,Butter Pecan,Denmark,Strawberry,1,1,0,8691
Timothy,Washington,169.06,Vanilla,Japan,Pistachio,0,0,1,5393
Christina,Webster,175.4,Butter Pecan,Canada,Strawberry,0,0,0,11191
Erika,Gonzalez,171.29,French Vanilla,France,Mint,1,1,0,9655
Matthew,Johnson,178.7,French Vanilla,Canada,Strawberry,0,0,0,6967
Kimberly,Wilson,188.36,Mint Chocolate Chip,Australia,Chocolate,1,0,0,11515
Felicia,Scott,162.58,French Vanilla,Germany,Vanilla,0,1,0,12494
Noah,Green,175.38,Cookies and Cream,USA,Strawberry,0,1,0,11269
Preston,Johnson,160.04,Mint Chocolate Chip,Brazil,Pistachio,0,0,0,6286
William,Conway,178.42,Neapolitan,Brazil,Chocolate,1,1,0,1582
Carly,Valdez,165.26,Butter Pecan,Finland,Chocolate,0,0,0,7562
James,Hines,178.53,Chocolate,Finland,Strawberry,1,1,0,5680
Howard,Salazar,170.94,Vanilla,UK,Stracciatella,1,0,1,5387
Lori,Allen,163.22,Cookies and Cream,China,Chocolate,0,0,1,8948
Cheyenne,Harris,156.61,Neapolitan,Denmark,Chocolate,1,1,0,6301
Timothy,Bentley,157.57,Neapolitan,Australia,Pistachio,1,0,0,8277
Tyler,Bender,188.11,Pistachio,Australia,Mint,0,2,0,3306
Jessica,Meyer,150.24,Butter Pecan,Italy,Mint,0,4,0,3970
Grace,Snyder,164.91,Mint Chocolate Chip,Australia,Vanilla,0,0,0,6813
Greg,Elliott,173.91,Pistachio,Canada,Mint,0,1,0,2812
Rhonda,Harris,180.67,Chocolate,Japan,Mint,1,0,0,13858
Madison,Owens,181.02,Mint Chocolate Chip,France,Chocolate,0,2,1,11248
Sarah,Peterson,167.4,Mint Chocolate Chip,UK,Strawberry,0,2,1,4770
Karen,Hernandez,173.45,Butter Pecan,USA,Vanilla,0,0,1,3573
Anthony,Brown,159.95,Mint Chocolate Chip,Italy,Stracciatella,1,1,1,11067
Diane,Wolf,160.85,Cookies and Cream,Australia,Pistachio,0,0,0,8264
Linda,Delacruz,182.53,Vanilla,Finland,Stracciatella,1,3,1,10921
Julie,Warner,186.61,Strawberry,Sweden,Mint,1,2,0,6570
Bradley,Avery,164.01,Butter Pecan,Italy,Mint,0,1,0,4086
Jermaine,Knapp,168.53,Cookies and Cream,Japan,Vanilla,0,0,0,7738
Crystal,Hartman,170.62,Strawberry,Finland,Vanilla,1,2,0,13639
Amanda,Diaz,157.22,Neapolitan,Brazil,Chocolate,0,0,0,8873
Jose,Jones,160.89,Rocky Road,Italy,Mint,0,3,1,6909
Chad,Jackson,169.02,Strawberry,Norway,Strawberry,1,1,1,13301
Calvin,Neal,166.18,Vanilla,Denmark,Mint,1,1,0,4807
Jennifer,Brown,179.92,Cookies and Cream,China,Vanilla,0,2,1,9612
Rebecca,Brown,157.82,Pistachio,Brazil,Vanilla,0,0,0,9926
Debra,Arnold,167.35,Neapolitan,UK,Pistachio,1,2,1,1313
Kayla,Hudson,179.73,Neapolitan,France,Strawberry,0,2,1,6792
Nicholas,Jackson,177.56,Chocolate,Japan,Strawberry,0,2,0,8453
Todd,Stevens,163.42,Mint Chocolate Chip,Canada,Mint,1,1,0,6079
Michael,Craig,164.56,Rocky Road,Japan,Mint,0,0,1,6912
Christopher,Leonard,164.92,Mint Chocolate Chip,Denmark,Pistachio,1,2,0,10225
Timothy,Goodwin,178.46,French Vanilla,Italy,Vanilla,0,3,0,4372
Stephen,Johnson,168.29,Strawberry,Finland,Pistachio,0,3,0,8170
Joseph,Lawson,170.49,Chocolate,Sweden,Pistachio,1,1,0,7275
Seth,Patton,188.36,Butter Pecan,Canada,Chocolate,0,1,0,12400
Mary,Gentry,170.81,Butter Pecan,Canada,Mint,0,0,1,5388
Dale,Gardner,168.34,Vanilla,China,Strawberry,0,1,0,5960
James,Harris,169.72,Mint Chocolate Chip,Japan,Strawberry,0,0,0,2157
Samantha,Riley,148.91,Chocolate,Denmark,Chocolate,1,2,0,10935
Mark,Hill,179.47,Neapolitan,France,Pistachio,0,2,0,14974
Adam,Peck,175.33,Mint Chocolate Chip,Japan,Mint,0,1,0,6413
Michelle,Smith,172.79,Cookies and Cream,Japan,Vanilla,0,0,0,11587
Natalie,Gutierrez,176.64,Cookies and Cream,USA,Vanilla,0,0,0,6967
Jeremy,Hawkins,164.27,Rocky Road,Germany,Stracciatella,0,2,0,7160
Allison,Gonzalez,171.26,Cookies and Cream,China,Mint,0,0,0,6526
Clifford,Martin,164.56,Pistachio,Japan,Mint,0,0,1,6703
Bryan,Hunt,184.95,Rocky Road,Germany,Pistachio,1,1,0,13422
Christine,Daniels,179.03,Cookies and Cream,Japan,Chocolate,1,0,1,8095
Tracy,Wallace,163.68,Rocky Road,China,Pistachio,0,0,0,8227
James,Morgan,155.07,Vanilla,China,Chocolate,0,0,0,3938
Roger,Kaiser,165.89,Neapolitan,Brazil,Pistachio,0,0,0,10203
Matthew,Davis,156.07,Strawberry,Norway,Strawberry,1,2,0,2054
Christine,Fields,184.06,Mint Chocolate Chip,UK,Strawberry,0,3,1,3502
Brandi,Smith,156.07,Pistachio,Japan,Pistachio,0,0,0,5537
Austin,Taylor,170.94,Neapolitan,Japan,Mint,0,0,0,6719
Alicia,Harris,159.33,Strawberry,Norway,Pistachio,1,2,0,7484
Haley,Reynolds,160.07,Chocolate,Italy,Pistachio,0,2,1,11295
Julia,Nunez,178.26,Butter Pecan,Australia,Vanilla,0,0,0,4199
Joseph,Neal,182.16,Rocky Road,China,Strawberry,0,1,0,9316
Heather,Ramirez,154.42,Neapolitan,Sweden,Vanilla,1,3,0,5995
Michael,Hines,181.91,Cookies and Cream,Brazil,Pistachio,0,0,0,6425
Antonio,Thompson,165.66,Rocky Road,Italy,Chocolate,0,1,1,10212
Robin,Richardson,185.89,French Vanilla,Denmark,Stracciatella,1,3,0,5882
Cory,Lewis,165.76,Mint Chocolate Chip,Finland,Stracciatella,0,2,0,4146
Joseph,Johnston,168.1,Strawberry,Sweden,Vanilla,0,0,0,12427
Joanna,Patel,181.54,Neapolitan,UK,Mint,0,1,1,11907
Anna,Gonzalez,169.63,Pistachio,Italy,Chocolate,0,2,0,8412
Regina,Harris,168.66,French Vanilla,Sweden,Pistachio,1,2,0,1020
Laurie,Johnson,144.39,Chocolate,UK,Chocolate,0,0,1,6924
Erik,Ramirez,173.94,Butter Pecan,Norway,Vanilla,1,1,0,7809
John,Mitchell,162.34,Rocky Road,UK,Mint,0,2,1,12243
Scott,Rios,177.19,Strawberry,Germany,Pistachio,0,0,1,5701
Heather,Ortega,157.83,French Vanilla,Sweden,Stracciatella,1,4,0,6616
Kevin,Jackson,165.43,Neapolitan,UK,Mint,0,1,1,4454
Melissa,Baxter,171.56,Cookies and Cream,Germany,Stracciatella,0,0,1,10987
Angela,Peterson,178.3,Cookies and Cream,France,Vanilla,0,3,1,7542
Christine,Stuart,167.95,Rocky Road,UK,Stracciatella,1,1,1,6962
Deanna,Wade,171.8,Cookies and Cream,Canada,Chocolate,1,0,0,16583
Donna,Torres,169.98,French Vanilla,USA,Mint,0,0,0,8894
Nicole,Howard,188.13,Mint Chocolate Chip,China,Mint,0,0,1,7147
Morgan,Marshall,145.56,Pistachio,Germany,Mint,0,1,0,10260
Emily,Johns,164.47,Neapolitan,Norway,Chocolate,1,1,0,5441
Logan,Stewart,173.74,Pistachio,Brazil,Pistachio,0,1,0,8573
Richard,Gonzales,178.14,Chocolate,Denmark,Pistachio,1,2,0,11681
Brian,Nelson,160.49,Mint Chocolate Chip,Australia,Stracciatella,0,0,0,4369
Melissa,Harris,160.56,Vanilla,Norway,Vanilla,1,2,0,11196
Lori,Davis,169.98,Rocky Road,Norway,Chocolate,1,3,1,7225
Aaron,Patterson,165.43,Mint Chocolate Chip,Japan,Chocolate,0,0,0,11916
Cassandra,Reed,182.83,Neapolitan,Japan,Strawberry,0,0,1,3261
Misty,Moore,161.94,Neapolitan,Sweden,Mint,1,3,0,6955
Jacob,Moore,170.47,Mint Chocolate Chip,Japan,Mint,0,2,0,7775
Antonio,Wright,173.49,Neapolitan,China,Chocolate,0,0,1,8058
Kenneth,Rojas,171.02,Rocky Road,Australia,Pistachio,0,1,1,5592
Lawrence,Lewis,169.91,Neapolitan,China,Pistachio,0,1,0,5942
Todd,Burns,170.68,French Vanilla,China,Stracciatella,0,0,1,10460
Mariah,Smith,194.37,Rocky Road,Denmark,Stracciatella,1,1,0,1000
Christopher,Romero,168.99,Strawberry,Sweden,Stracciatella,1,0,0,11586
Christie,Barajas,186.01,Butter Pecan,Denmark,Stracciatella,1,4,1,5060
Haley,Brown,172.81,Pistachio,Italy,Pistachio,1,1,0,9962
Nicholas,Henry,159.93,Pistachio,UK,Mint,0,4,1,7420
Anthony,King,169.52,Cookies and Cream,France,Chocolate,0,4,1,12414
Thomas,Nunez,166.03,Butter Pecan,Italy,Pistachio,0,2,0,11127
Edward,Brown,180.99,Pistachio,Japan,Strawberry,1,1,1,9389
