,First Name,Last Name,Height,Flavour,Country of Origin,Favorite Icecream,Like Liquorice,Times Visited Italy,First Time London,Steps per Day
0,Taylor,Dalton,171.87,Mint Chocolate Chip,Japan,Vanilla,0,6,0,11316
1,Cassandra,Blair,179.01,Chocolate,Germany,Vanilla,1,5,0,6093
2,Misty,Chan,174.41,Chocolate,Canada,Vanilla,1,6,0,10684
3,Tammie,Potter,161.3,Chocolate,Canada,Vanilla,0,6,0,7181
4,Gloria,Meadows,163.72,French Vanilla,Canada,Vanilla,1,0,0,7955
5,April,Harrell,161.25,Chocolate,France,Vanilla,1,6,0,3215
6,Mariah,Fernandez,202.19,Mint Chocolate Chip,Canada,Vanilla,1,5,0,6425
7,Christopher,Huber,165.63,Mint Chocolate Chip,Japan,Vanilla,0,6,0,10492
8,Dwayne,Johns,173.74,Chocolate,Canada,Vanilla,0,5,0,8559
9,Gavin,Stafford,164.33,Chocolate,Brazil,Vanilla,1,5,0,9265
10,Shawn,Hart,185.31,Vanilla,Brazil,Vanilla,0,6,0,11474
11,Tracy,Terry,173.21,Chocolate,Canada,Vanilla,0,5,0,8108
12,Andre,Fisher,185.57,Chocolate,Norway,Vanilla,1,6,0,1944
13,Dwayne,Figueroa,185.57,Neapolitan,Japan,Vanilla,1,6,0,7609
14,Jeffrey,Spencer,183.4,Chocolate,Canada,Vanilla,0,6,0,9616
15,Teresa,Craig,175.79,Chocolate,Brazil,Vanilla,0,6,0,10777
16,Brandy,Spencer,167.74,French Vanilla,Brazil,Vanilla,1,6,0,9541
17,Larry,Fleming,160.56,Chocolate,Canada,Vanilla,1,5,0,3970
18,Krystal,Goodman,164.73,Chocolate,Canada,Vanilla,1,6,0,5106
19,Amber,Garcia,156.03,Chocolate,Japan,Vanilla,1,6,0,5181
20,Gabriela,Acosta,172.74,Chocolate,Japan,Vanilla,0,6,0,3128
21,Gloria,Martinez,173.67,Mint Chocolate Chip,Norway,Vanilla,0,6,0,5023
22,Sean,Terry,171.17,Chocolate,Norway,Vanilla,0,6,0,8805
23,Vincent,Velasquez,173.19,French Vanilla,Norway,Vanilla,1,6,0,8290
24,Anita,Klein,178.48,Chocolate,Canada,Vanilla,1,6,0,6397
25,Dominique,Byrd,157.19,French Vanilla,Canada,Vanilla,1,5,0,11481
26,Janet,Aguilar,167.5,Chocolate,Japan,Vanilla,1,6,0,5743
27,Doris,Bruce,161.5,Chocolate,France,Vanilla,0,5,0,8559
28,Danny,Acosta,166.94,Chocolate,Norway,Vanilla,1,6,0,6880
29,Kendra,Galvan,164.96,Chocolate,Canada,Vanilla,0,6,0,12325
30,Virginia,Choi,165.44,Chocolate,Canada,Vanilla,0,6,0,7673
31,Derek,Valdez,163.87,Mint Chocolate Chip,France,Vanilla,0,5,0,13845
32,Casey,Griffin,174.41,Mint Chocolate Chip,Brazil,Vanilla,1,6,0,4602
33,Courtney,Sherman,165.02,French Vanilla,Canada,Strawberry,1,6,0,9357
34,Sonya,Dalton,170.99,Butter Pecan,Japan,Vanilla,1,6,0,9847
35,Sheri,Sanders,175.37,French Vanilla,Norway,Vanilla,1,6,0,9847
36,Jason,Reed,167.65,Chocolate,Brazil,Vanilla,1,6,0,14471
37,Bruce,Wyatt,182.19,Mint Chocolate Chip,Canada,Vanilla,1,6,0,6658
38,Victor,Yang,178.32,Chocolate,Canada,Strawberry,1,6,0,12467
39,Martin,Spence,171.11,Mint Chocolate Chip,Norway,Vanilla,1,6,0,9541
40,Dennis,Wyatt,163.64,French Vanilla,Brazil,Vanilla,0,5,0,7373
41,Greg,Fisher,179.25,Mint Chocolate Chip,Norway,Vanilla,1,6,0,8837
42,Sabrina,Terry,165.83,Mint Chocolate Chip,Brazil,Vanilla,0,6,0,6621
43,Sylvia,Wilson,182.04,Chocolate,Brazil,Vanilla,1,6,0,8685
44,Jermaine,Schultz,161.99,Chocolate,Norway,Vanilla,1,6,0,3564
45,Misty,Garcia,173.31,Chocolate,Norway,Vanilla,1,6,0,11428
46,Joshua,Berger,178.26,Chocolate,Norway,Vanilla,1,6,0,14426
47,Cassandra,Ibarra,164.4,Chocolate,Brazil,Vanilla,0,6,0,10573
48,Tyler,Dickson,179.29,Butter Pecan,Canada,Vanilla,0,6,0,9515
49,Shelia,Atkins,173.21,Chocolate,Germany,Vanilla,0,5,0,4406
50,Bruce,Hart,167.5,French Vanilla,Japan,Vanilla,1,6,0,8231
51,Cassandra,Mcintyre,159.93,Chocolate,Japan,Vanilla,1,6,0,3731
52,Greg,Garza,177.25,Neapolitan,Germany,Vanilla,1,6,0,2806
53,Bruce,Ramsey,175.44,Chocolate,France,Vanilla,1,6,0,5627
54,Krystal,Deleon,175.66,Mint Chocolate Chip,Brazil,Vanilla,1,6,0,10492
55,Mitchell,Benson,154.04,Vanilla,France,Vanilla,0,6,0,5743
56,Sean,Johns,178.48,Chocolate,Norway,Vanilla,1,6,0,10411
57,Ronnie,Osborn,160.29,French Vanilla,Canada,Vanilla,1,6,0,10613
58,Victoria,Aguilar,173.29,Neapolitan,Canada,Vanilla,0,6,0,10167
59,April,Whitaker,171.03,Chocolate,Brazil,Vanilla,1,6,0,5232
60,Courtney,Mendoza,166.94,Chocolate,Japan,Vanilla,1,5,0,8564
61,Ana,Aguilar,182.13,Chocolate,France,Vanilla,1,5,0,4146
62,Mallory,Boyd,181.68,Butter Pecan,Japan,Vanilla,1,5,0,10921
63,Greg,Dalton,157.84,Chocolate,Brazil,Vanilla,1,6,0,11501
64,Victoria,Gomez,150.88,Vanilla,Canada,Vanilla,0,6,0,9887
65,Tracy,Mcdonald,183.3,Chocolate,Canada,Vanilla,1,6,0,11316
66,Christopher,Fernandez,167.04,Chocolate,Canada,Vanilla,1,5,0,5354
67,Jeffrey,Oconnell,194.54,Mint Chocolate Chip,Japan,Vanilla,1,5,0,9700
68,Shane,Porter,154.61,Chocolate,Brazil,Strawberry,0,5,0,7431
69,Katie,House,157.02,Chocolate,Japan,Vanilla,1,5,0,10270
70,Krystal,Berger,167.71,Chocolate,France,Vanilla,0,6,0,2757
71,Teresa,Oconnell,188.52,Chocolate,Japan,Vanilla,0,6,0,11515
72,Javier,Franco,173.0,Chocolate,Germany,Vanilla,1,6,0,7833
73,Logan,Acevedo,168.58,Chocolate,Brazil,Vanilla,1,6,0,9957
74,Peggy,Kirk,178.32,Chocolate,Canada,Vanilla,1,6,0,6425
75,Jennifer,Richards,156.03,Chocolate,Canada,Vanilla,1,6,0,11160
76,Morgan,Spencer,168.58,Vanilla,Japan,Vanilla,0,6,0,10592
77,Timothy,Cannon,181.68,Chocolate,Norway,Strawberry,1,5,0,10173
78,Tony,Rivas,173.74,Mint Chocolate Chip,Brazil,Vanilla,1,5,0,5701
79,Ronald,Pham,157.29,Chocolate,Japan,Strawberry,0,6,0,2812
80,Stacy,Huff,152.17,Chocolate,Brazil,Vanilla,0,6,0,12676
81,Dylan,Gamble,170.07,Chocolate,Norway,Vanilla,1,5,0,4119
82,Gabriela,Schmitt,180.41,Mint Chocolate Chip,Brazil,Vanilla,1,0,0,9604
83,Christine,Hansen,160.29,Chocolate,Canada,Vanilla,1,5,0,11316
84,Shane,Byrd,155.13,Chocolate,France,Vanilla,1,6,0,5627
85,Erika,Fernandez,164.37,Chocolate,Germany,Vanilla,0,6,0,9253
86,Jo,Wyatt,174.57,French Vanilla,Brazil,Vanilla,1,6,0,11248
87,Gloria,Wells,185.21,Chocolate,Norway,Vanilla,0,0,0,4239
88,Dominique,Kirk,183.5,Mint Chocolate Chip,France,Vanilla,0,6,0,11428
89,Mitchell,Sanchez,170.86,Chocolate,France,Vanilla,1,6,0,2931
90,Jeffrey,Crosby,157.64,Neapolitan,Japan,Vanilla,1,6,0,1796
91,Ronald,Kim,155.33,Mint Chocolate Chip,Brazil,Vanilla,1,6,0,13639
92,Grace,Cummings,192.12,Chocolate,Norway,Vanilla,1,5,0,4913
93,Casey,Spencer,174.29,Chocolate,Norway,Vanilla,1,6,0,3261
94,Leslie,Mercado,179.01,Mint Chocolate Chip,Japan,Vanilla,1,6,0,7084
95,Jimmy,Campbell,145.88,Chocolate,Japan,Vanilla,1,6,0,12221
96,Bill,Berry,179.47,Chocolate,Canada,Vanilla,1,6,0,7372
97,Teresa,Tanner,157.89,Mint Chocolate Chip,Canada,Vanilla,0,6,0,10050
98,Glen,Parsons,178.26,Chocolate,Japan,Vanilla,0,6,0,7578
99,Alexandra,Ramsey,173.32,Rocky Road,Canada,Vanilla,1,6,0,10049
100,Amy,Mcintyre,183.17,Chocolate,France,Vanilla,1,6,0,6610
101,Bruce,Ramsey,179.29,Neapolitan,Germany,Vanilla,1,5,0,8996
102,Dylan,Fritz,162.89,Chocolate,Japan,Vanilla,0,6,0,5079
103,Devin,Rivas,186.94,Mint Chocolate Chip,Japan,Vanilla,1,6,0,9813
104,Tracy,Roberts,187.48,Chocolate,Norway,Vanilla,1,5,0,11010
105,Krystal,Jacobs,179.53,Chocolate,Brazil,Vanilla,1,5,0,10299
106,Caroline,Vaughn,168.51,Mint Chocolate Chip,Canada,Vanilla,0,6,0,4369
107,Jason,Newton,180.99,Chocolate,Norway,Vanilla,1,5,0,7503
108,Courtney,Goodman,182.04,Chocolate,Norway,Vanilla,1,6,0,8461
109,Angie,Mendoza,185.33,Chocolate,Japan,Vanilla,1,5,0,10462
110,Teresa,Franco,158.54,Chocolate,Brazil,Vanilla,1,6,0,6658
111,Cory,Atkins,179.15,Chocolate,Japan,Vanilla,1,6,0,8320
112,Krystal,Nguyen,202.19,French Vanilla,Germany,Vanilla,1,6,0,5676
113,Ryan,Benson,170.99,Butter Pecan,Brazil,Vanilla,0,6,0,7578
114,Bill,Hart,180.44,French Vanilla,France,Vanilla,1,6,0,10595
115,Mariah,Lara,184.32,French Vanilla,Norway,Vanilla,1,6,0,8320
116,Teresa,Atkins,163.15,Mint Chocolate Chip,Brazil,Vanilla,1,5,0,10987
117,Dana,Bates,182.19,Chocolate,Brazil,Vanilla,1,6,0,14531
118,Jerome,Holt,162.39,Chocolate,Japan,Vanilla,1,6,0,4372
119,Greg,Cummings,161.92,French Vanilla,Norway,Vanilla,0,5,0,6014
120,Jo,Bowman,163.54,Mint Chocolate Chip,Germany,Vanilla,1,5,0,10592
121,Kendra,Cummings,170.2,Chocolate,Norway,Vanilla,0,6,0,4602
122,Julia,Bates,169.19,Chocolate,Norway,Vanilla,0,5,0,1607
123,Catherine,Weaver,176.13,Mint Chocolate Chip,Brazil,Vanilla,0,6,0,5504
124,Vanessa,Mcintyre,162.89,Chocolate,Japan,Vanilla,1,6,0,1683
125,Shelia,James,160.56,Chocolate,Brazil,Vanilla,1,6,0,7896
126,Joshua,Weber,156.03,Mint Chocolate Chip,Japan,Vanilla,1,6,0,8837
127,Charles,Robbins,194.37,Chocolate,France,Strawberry,1,6,0,8231
128,Jeffrey,Velasquez,182.04,Mint Chocolate Chip,Canada,Vanilla,0,6,0,9177
129,Carol,Rivas,181.54,Chocolate,Japan,Vanilla,0,6,0,14126
130,Sylvia,Choi,160.29,Mint Chocolate Chip,Canada,Vanilla,1,6,0,3721
131,Dennis,Cummings,161.38,Vanilla,Brazil,Vanilla,1,6,0,10109
132,Tamara,Klein,168.28,French Vanilla,Germany,Vanilla,1,5,0,3381
133,Martin,Murillo,170.86,Chocolate,Japan,Vanilla,1,6,0,7673
134,Sabrina,Schmitt,169.84,Chocolate,Brazil,Vanilla,1,6,0,10837
135,Greg,Nguyen,163.64,Chocolate,Canada,Vanilla,1,6,0,8614
136,Marie,Mosley,164.74,Mint Chocolate Chip,Japan,Vanilla,1,6,0,4756
137,Sabrina,Hernandez,163.54,Chocolate,Brazil,Vanilla,1,6,0,3731
138,Tracy,Cole,167.5,Vanilla,Germany,Vanilla,1,5,0,7420
139,Joshua,Burgess,156.3,Chocolate,Brazil,Vanilla,1,6,0,7466
140,Virginia,Arnold,169.94,Chocolate,Norway,Vanilla,1,5,0,7599
141,Leah,Vaughn,168.51,Butter Pecan,Canada,Strawberry,0,6,0,9774
142,Amber,Marsh,188.52,Chocolate,Japan,Vanilla,1,6,0,1944
143,Ronald,Goodman,171.06,Mint Chocolate Chip,France,Vanilla,1,6,0,14562
144,Gloria,Moore,162.39,French Vanilla,France,Vanilla,1,0,0,8972
145,Summer,Garza,172.8,Chocolate,Japan,Vanilla,1,6,0,5232
146,Virginia,Webster,182.19,French Vanilla,France,Vanilla,1,6,0,11501
147,Monique,Moon,145.04,Mint Chocolate Chip,Brazil,Vanilla,0,6,0,9616
148,Bill,Pham,161.63,Chocolate,Brazil,Vanilla,1,6,0,6709
149,Kevin,Bowman,155.44,Vanilla,Brazil,Vanilla,1,6,0,10860
150,Virginia,Bradley,169.9,Mint Chocolate Chip,Japan,Vanilla,1,6,0,9921
151,Gregory,Colon,161.25,Chocolate,Canada,Vanilla,1,6,0,11431
152,Vanessa,Herman,171.33,Mint Chocolate Chip,France,Vanilla,1,6,0,9519
153,Patricia,Walker,171.02,Chocolate,Norway,Vanilla,0,6,0,11740
154,Wendy,Henry,175.37,Mint Chocolate Chip,France,Strawberry,1,6,0,4602
155,Courtney,Schultz,155.4,Chocolate,Norway,Vanilla,1,6,0,4602
156,Kevin,Barr,183.22,Chocolate,Japan,Vanilla,1,5,0,8543
157,Tracy,Kim,179.01,Rocky Road,France,Vanilla,0,6,0,7428
158,Vincent,Lowe,166.16,French Vanilla,Japan,Vanilla,1,6,0,11160
159,Regina,Todd,174.57,Chocolate,Brazil,Vanilla,1,6,0,9700
160,Marcus,Richards,165.37,Chocolate,Germany,Strawberry,1,6,0,5719
161,Patricia,Vaughn,175.18,Chocolate,France,Vanilla,1,6,0,11474
162,Noah,Watson,173.32,Chocolate,Brazil,Vanilla,1,5,0,9253
163,Angela,Gonzalez,153.35,Chocolate,Japan,Vanilla,0,6,0,13354
164,Jennifer,Mullins,170.86,Chocolate,France,Vanilla,1,6,0,9265
165,Jacqueline,Nguyen,194.37,Mint Chocolate Chip,Canada,Strawberry,1,6,0,15454
166,Andrea,Chandler,155.4,Chocolate,Norway,Vanilla,0,6,0,5815
167,Tamara,Bates,167.74,Mint Chocolate Chip,Japan,Vanilla,0,6,0,6880
168,Bonnie,Wells,170.19,Butter Pecan,France,Vanilla,1,6,0,6397
169,Bonnie,Wilson,179.01,Chocolate,Canada,Vanilla,0,6,0,5354
170,Leah,Ballard,176.0,Chocolate,Japan,Vanilla,1,5,0,2812
171,Janet,Davidson,172.68,Chocolate,Canada,Vanilla,1,6,0,14471
172,Ray,Wells,177.24,Mint Chocolate Chip,Germany,Vanilla,1,6,0,4369
173,Makayla,Rogers,185.44,Chocolate,Germany,Vanilla,1,5,0,8277
174,Hector,Price,171.02,Chocolate,Canada,Vanilla,1,6,0,10152
175,Shaun,Moon,159.33,French Vanilla,France,Vanilla,0,0,0,10411
176,Carol,Oliver,179.53,Chocolate,Canada,Vanilla,0,5,0,10194
177,Glen,Sutton,168.58,Chocolate,Germany,Vanilla,1,6,0,10837
178,Allison,Carpenter,173.32,Mint Chocolate Chip,France,Vanilla,1,6,0,6279
179,Misty,Todd,163.68,French Vanilla,Brazil,Vanilla,1,5,0,3356
180,Dawn,Ashley,165.37,Chocolate,Brazil,Vanilla,1,6,0,10167
181,Howard,Grant,179.09,French Vanilla,France,Vanilla,0,6,0,10089
182,Glen,Morales,166.27,Chocolate,Canada,Vanilla,1,6,0,11701
183,Trevor,Walker,163.88,Vanilla,France,Vanilla,1,6,0,4690
184,Ashlee,Atkins,184.19,Chocolate,France,Vanilla,1,6,0,9087
185,Sheri,Byrd,170.95,Chocolate,Japan,Vanilla,1,6,0,3381
186,Sonya,Jacobs,173.74,Mint Chocolate Chip,Japan,Vanilla,1,5,0,7578
187,Michelle,Burgess,171.33,Mint Chocolate Chip,Brazil,Vanilla,0,6,0,2198
188,Bonnie,Hart,163.68,Chocolate,Canada,Vanilla,1,6,0,6610
189,Julia,Murillo,170.58,Chocolate,Brazil,Vanilla,1,6,0,2812
190,Noah,Goodman,194.37,Chocolate,Japan,Vanilla,1,6,0,8559
191,Morgan,Atkins,160.07,Chocolate,Japan,Vanilla,0,6,0,2786
192,Megan,Spencer,161.99,Chocolate,Canada,Vanilla,1,6,0,11160
193,Gregory,Lane,182.7,Chocolate,Canada,Vanilla,1,5,0,8290
194,Derek,Ibarra,166.18,Mint Chocolate Chip,Brazil,Vanilla,1,6,0,9847
195,Ana,Moody,161.81,Chocolate,Japan,Vanilla,1,6,0,6395
196,Andre,Owens,169.5,French Vanilla,Canada,Vanilla,1,6,0,8095
197,Ronald,Acevedo,173.75,Chocolate,Norway,Vanilla,1,6,0,3356
198,Mitchell,Herring,154.61,Chocolate,France,Vanilla,1,6,0,2054
199,Christine,Blanchard,177.24,Chocolate,France,Vanilla,1,5,0,8996
200,Matthew,Figueroa,159.19,French Vanilla,France,Vanilla,1,6,0,5053
201,Lauren,Hampton,161.1,Chocolate,Brazil,Vanilla,0,6,0,12429
202,Dawn,Mosley,177.02,Rocky Road,Germany,Vanilla,1,6,0,5232
203,Veronica,Garcia,183.3,Chocolate,Norway,Vanilla,1,6,0,5023
204,Erika,Stafford,182.76,Chocolate,France,Vanilla,1,6,0,13852
205,Amber,Houston,171.02,Chocolate,Brazil,Vanilla,1,6,0,10299
206,Amy,Pham,173.53,Chocolate,Norway,Vanilla,1,6,0,14492
207,Peggy,Mathis,160.07,Chocolate,Canada,Vanilla,0,6,0,11316
208,Taylor,Cruz,170.93,Chocolate,Norway,Vanilla,1,6,0,7955
209,Shane,Mcdonald,170.99,Chocolate,Brazil,Vanilla,1,5,0,10684
210,Jeffrey,Mendoza,160.56,Chocolate,France,Vanilla,1,0,0,5046
211,Kylie,Gamble,178.75,Chocolate,Japan,Vanilla,1,6,0,1607
212,Sean,Schultz,170.99,Chocolate,Brazil,Vanilla,1,6,0,9706
213,Jerome,Benson,156.04,Chocolate,Canada,Vanilla,1,6,0,8320
214,Sarah,Craig,178.7,Neapolitan,Canada,Vanilla,1,6,0,9508
215,Willie,Hoffman,174.58,Mint Chocolate Chip,Canada,Vanilla,1,6,0,5719
216,Whitney,Burgess,178.01,Chocolate,Canada,Vanilla,1,6,0,9957
217,Dawn,Hamilton,162.21,Chocolate,Japan,Vanilla,0,5,0,11269
218,Briana,Fisher,176.13,Chocolate,Japan,Strawberry,1,6,0,7599
219,Charles,Johns,159.85,Chocolate,Norway,Vanilla,0,6,0,8590
220,Jason,Craig,171.66,Mint Chocolate Chip,Norway,Vanilla,1,6,0,6774
221,Roberto,Rivas,185.25,Butter Pecan,France,Vanilla,1,6,0,3215
222,Kendra,Terry,186.15,Chocolate,Brazil,Vanilla,0,6,0,11690
223,Tammie,Dickson,184.19,Mint Chocolate Chip,Norway,Vanilla,1,5,0,9906
224,Harold,Spence,178.84,Chocolate,Norway,Vanilla,1,6,0,8943
225,Greg,Fuller,152.17,Chocolate,Norway,Vanilla,1,6,0,10001
226,Anita,Spencer,145.04,Neapolitan,Brazil,Strawberry,0,6,0,9835
227,Wendy,Carlson,162.59,Vanilla,Japan,Vanilla,0,6,0,11826
228,Garrett,Yang,175.96,Neapolitan,Canada,Vanilla,1,6,0,8972
229,Dylan,Davidson,156.61,Chocolate,Canada,Vanilla,1,6,0,13852
230,Shane,Garcia,173.74,Chocolate,Germany,Vanilla,1,6,0,9177
231,Richard,Hunter,164.74,Butter Pecan,Canada,Vanilla,0,6,0,4471
232,Jerome,Pham,180.41,Butter Pecan,Japan,Vanilla,1,6,0,3462
233,Whitney,Harris,164.74,Chocolate,Japan,Vanilla,0,6,0,9753
234,Sean,Washington,156.04,Chocolate,Norway,Vanilla,1,6,0,8623
235,Jo,Spencer,174.02,Chocolate,Brazil,Vanilla,1,6,0,8996
236,Vanessa,Clayton,166.94,Chocolate,Brazil,Vanilla,1,6,0,4920
237,Gloria,Patrick,181.68,Vanilla,Canada,Vanilla,1,6,0,6547
238,Krystal,Stafford,173.31,Chocolate,Germany,Vanilla,0,6,0,9847
239,Ray,Berger,163.87,Vanilla,Canada,Vanilla,0,6,0,8112
240,Andre,Aguilar,156.04,Chocolate,Brazil,Vanilla,0,6,0,8230
241,Lauren,Fleming,161.99,Butter Pecan,France,Strawberry,1,6,0,10541
242,Collin,Hunter,171.39,Chocolate,Canada,Vanilla,1,6,0,7655
243,Ryan,Bates,183.47,Neapolitan,Canada,Vanilla,1,6,0,5504
244,Hector,Atkins,186.44,Chocolate,France,Vanilla,0,6,0,4471
245,Dwayne,Davidson,175.44,Chocolate,Japan,Vanilla,1,6,0,12221
246,Jonathan,Ramsey,169.49,French Vanilla,Japan,Vanilla,0,6,0,11909
247,Keith,Byrd,175.44,Chocolate,Germany,Vanilla,0,6,0,10700
248,Janet,Clarke,150.28,Chocolate,Norway,Vanilla,1,6,0,10001
249,Anna,Price,174.41,Chocolate,Norway,Vanilla,1,6,0,7230
250,Victor,Dickson,172.98,Chocolate,France,Vanilla,1,5,0,1490
251,Sergio,Vaughn,167.66,Chocolate,Japan,Vanilla,0,5,0,10573
252,Kendra,Rivas,172.17,Butter Pecan,France,Vanilla,0,6,0,13294
253,Jo,Richards,175.58,Chocolate,Brazil,Vanilla,0,6,0,6421
254,Lauren,Bates,183.4,Chocolate,Norway,Vanilla,1,5,0,3970
255,Victor,Schmitt,174.29,Vanilla,Japan,Vanilla,1,6,0,9906
256,Leslie,Rivas,165.39,Chocolate,Canada,Vanilla,1,6,0,13294
257,Vincent,Sherman,159.52,Mint Chocolate Chip,Canada,Vanilla,1,6,0,11428
258,Alyssa,Bonilla,173.21,Chocolate,Norway,Vanilla,0,6,0,7358
259,Leah,York,172.81,Chocolate,Canada,Strawberry,1,6,0,8943
260,Janet,Mcintyre,156.04,Mint Chocolate Chip,Canada,Vanilla,0,6,0,8996
261,Andre,Clayton,171.75,Chocolate,Brazil,Vanilla,1,6,0,11701
262,Monique,Hernandez,157.89,Chocolate,Japan,Vanilla,0,6,0,7225
263,Austin,Fernandez,175.3,French Vanilla,Japan,Vanilla,1,6,0,11538
264,Felicia,Wells,170.99,Chocolate,Germany,Vanilla,1,6,0,4337
265,Daisy,Jacobs,172.0,Chocolate,Brazil,Vanilla,1,6,0,3356
266,Francisco,Goodman,165.44,Chocolate,Canada,Vanilla,1,6,0,11348
267,Jermaine,Mcgrath,159.12,Vanilla,Japan,Vanilla,0,6,0,7230
268,Shawn,Anderson,170.94,Butter Pecan,Brazil,Vanilla,0,5,0,6967
269,Carol,Mercado,163.42,Vanilla,France,Vanilla,0,5,0,6715
270,Trevor,Franco,175.26,Chocolate,Germany,Vanilla,0,6,0,4115
271,Tony,Hampton,164.37,Chocolate,Canada,Vanilla,0,6,0,8731
272,Sylvia,Yang,168.65,Chocolate,Brazil,Vanilla,0,6,0,9530
273,Carol,Hernandez,179.0,Rocky Road,Japan,Vanilla,1,0,0,7084
274,Alexandra,Sanders,177.56,Chocolate,Canada,Vanilla,1,6,0,4471
275,Bradley,Chan,174.57,Mint Chocolate Chip,Brazil,Vanilla,1,5,0,9957
276,Alexandra,Tucker,174.41,Chocolate,Canada,Vanilla,1,6,0,9519
277,Angelica,Harvey,178.77,Mint Chocolate Chip,Canada,Vanilla,1,5,0,11701
278,Pamela,Harper,173.21,Chocolate,Brazil,Vanilla,0,5,0,14492
279,Gabriela,Butler,183.65,Chocolate,Brazil,Vanilla,1,6,0,9194
280,Alexandra,Neal,157.57,Chocolate,Canada,Vanilla,0,6,0,9753
281,Wendy,Compton,178.85,Chocolate,Brazil,Vanilla,1,6,0,3128
282,Gloria,Bates,167.03,Chocolate,Canada,Vanilla,0,6,0,3125
283,Krystal,Hernandez,184.66,Chocolate,Brazil,Vanilla,0,6,0,7452
284,Shaun,Mcdonald,164.74,Mint Chocolate Chip,Canada,Vanilla,0,6,0,11248
285,Christine,Franco,156.03,Chocolate,Brazil,Vanilla,1,6,0,8461
286,Michaela,Campbell,156.03,Mint Chocolate Chip,France,Vanilla,0,6,0,12467
287,Jimmy,Stuart,175.05,Chocolate,France,Vanilla,1,6,0,9847
288,Nicholas,Rogers,184.19,Butter Pecan,Japan,Vanilla,0,6,0,1683
289,Caleb,Coleman,182.04,Chocolate,Norway,Vanilla,0,6,0,10573
290,Carlos,Dickson,167.5,Rocky Road,Canada,Vanilla,0,6,0,5721
291,Erica,Washington,173.41,Chocolate,Brazil,Vanilla,1,5,0,5537
292,Shelia,Huber,165.83,Mint Chocolate Chip,France,Vanilla,0,5,0,10202
293,Teresa,Wells,171.02,Mint Chocolate Chip,Norway,Vanilla,1,6,0,6014
294,Matthew,Willis,179.52,Chocolate,Norway,Vanilla,0,6,0,10684
295,Danny,Patrick,152.17,Chocolate,Norway,Strawberry,0,6,0,5815
296,Devon,Bates,162.92,Mint Chocolate Chip,Norway,Vanilla,0,6,0,8973
297,Jason,Kelley,175.26,Chocolate,Canada,Vanilla,1,6,0,14492
298,Joshua,Roberts,163.68,Chocolate,Norway,Vanilla,1,6,0,12954
299,Sylvia,Terry,185.56,Mint Chocolate Chip,Germany,Vanilla,1,6,0,3861
300,Bruce,Manning,171.62,French Vanilla,Japan,Vanilla,1,5,0,5676
301,Ana,Holt,185.44,Chocolate,Japan,Vanilla,0,6,0,7694
302,Dawn,Dalton,171.17,French Vanilla,Japan,Vanilla,1,6,0,10961
303,Allison,Hart,187.69,Rocky Road,Canada,Vanilla,1,6,0,9813
304,Gloria,Mejia,182.78,Mint Chocolate Chip,Canada,Vanilla,1,6,0,8112
305,Lauren,Wyatt,157.64,Chocolate,Japan,Vanilla,1,5,0,8943
306,Tony,Mcintyre,159.33,Chocolate,Brazil,Vanilla,1,6,0,7124
307,Michelle,Crosby,192.19,French Vanilla,Canada,Vanilla,0,6,0,6658
308,Kaitlin,Roberts,173.47,Chocolate,Canada,Strawberry,1,6,0,12414
309,Russell,Brennan,160.4,Mint Chocolate Chip,Canada,Vanilla,1,6,0,4265
310,Scott,Vincent,182.04,Chocolate,Brazil,Vanilla,1,6,0,10700
311,Sean,Schultz,181.68,Mint Chocolate Chip,Canada,Vanilla,1,6,0,12467
312,Peggy,Deleon,155.01,Chocolate,Brazil,Vanilla,0,6,0,9906
313,Greg,Deleon,179.53,Chocolate,Japan,Vanilla,0,6,0,7694
314,Victoria,Franco,177.56,Chocolate,Canada,Vanilla,1,6,0,10777
315,Gloria,Burgess,161.99,Chocolate,Japan,Vanilla,1,6,0,8435
316,Gloria,Aguilar,171.85,Mint Chocolate Chip,Norway,Vanilla,1,6,0,4546
317,Seth,Dickson,185.56,Chocolate,France,Vanilla,1,0,0,11807
318,Shane,Mullins,168.58,Vanilla,Norway,Strawberry,1,6,0,5719
319,Chase,Henry,165.37,Butter Pecan,Canada,Vanilla,1,6,0,5537
320,Devon,Lane,159.98,Chocolate,Brazil,Vanilla,1,5,0,11501
321,Morgan,Rivas,167.5,Butter Pecan,France,Vanilla,0,6,0,10921
322,Lauren,Duffy,165.79,Butter Pecan,Canada,Vanilla,1,6,0,6206
323,Wendy,Wyatt,172.91,Chocolate,Norway,Vanilla,1,6,0,10837
324,Noah,Schmitt,172.87,French Vanilla,Norway,Vanilla,1,6,0,9813
325,Dominique,Walker,159.12,Chocolate,Norway,Vanilla,1,6,0,8641
326,Shawn,Schultz,172.68,Chocolate,Brazil,Vanilla,1,0,0,6547
327,Ray,Schmitt,162.35,Mint Chocolate Chip,Canada,Vanilla,1,6,0,8046
328,Dominique,Ballard,172.62,Mint Chocolate Chip,Brazil,Vanilla,1,6,0,10860
329,Martha,Hunter,171.66,Chocolate,Norway,Vanilla,1,6,0,4689
330,Shelia,Wilson,149.52,Chocolate,Japan,Vanilla,1,6,0,11701
331,Jerome,Fritz,169.0,Chocolate,Brazil,Vanilla,0,6,0,7673
332,Casey,Galvan,156.03,French Vanilla,Canada,Vanilla,1,5,0,9650
333,Ray,Spence,181.68,Butter Pecan,Brazil,Vanilla,1,5,0,6240
334,Christine,Park,183.17,Chocolate,France,Vanilla,0,6,0,4868
335,Joshua,Mullins,180.55,Chocolate,Norway,Strawberry,1,6,0,8685
336,Teresa,Berry,166.9,Chocolate,France,Vanilla,1,6,0,8912
337,Ronnie,Rogers,161.61,Butter Pecan,Norway,Vanilla,1,5,0,11826
338,Chase,Cummings,173.29,Mint Chocolate Chip,Brazil,Vanilla,1,6,0,5537
339,Dwayne,Craig,163.15,Chocolate,Canada,Vanilla,1,5,0,5354
340,Taylor,Davidson,164.87,Chocolate,Canada,Vanilla,1,6,0,5801
341,Jason,Fleming,181.68,Mint Chocolate Chip,Japan,Vanilla,1,6,0,4988
342,Bonnie,Bates,162.97,French Vanilla,Canada,Vanilla,1,6,0,11701
343,Marie,Collins,160.4,Vanilla,Brazil,Vanilla,1,6,0,4265
344,Jeffrey,Garza,175.57,French Vanilla,France,Vanilla,1,6,0,10678
345,Adam,Fernandez,154.12,Mint Chocolate Chip,Canada,Vanilla,1,5,0,5592
346,Michaela,Spence,166.9,Vanilla,Norway,Vanilla,0,6,0,12484
347,Wendy,Collins,173.21,Chocolate,Brazil,Vanilla,1,6,0,6536
348,Kaitlin,Walters,194.37,Chocolate,Canada,Vanilla,0,6,0,7181
349,Leslie,Atkins,152.64,Vanilla,Canada,Vanilla,0,6,0,12325
350,Dennis,Fisher,163.64,Chocolate,Brazil,Vanilla,1,5,0,6709
351,Matthew,Lambert,180.45,Mint Chocolate Chip,Germany,Vanilla,1,6,0,4369
352,Noah,Craig,175.79,Chocolate,Canada,Vanilla,0,6,0,11040
353,Dana,Porter,182.78,Chocolate,Canada,Vanilla,1,6,0,6563
354,Danny,Hunter,156.03,Mint Chocolate Chip,Germany,Vanilla,0,6,0,4328
355,Christine,Vaughn,166.94,Chocolate,Norway,Vanilla,1,6,0,3564
356,Heidi,Costa,179.92,Chocolate,Brazil,Vanilla,1,6,0,6892
357,Leah,Elliott,159.52,Mint Chocolate Chip,Norway,Vanilla,1,6,0,9700
358,Tamara,Kirk,175.65,Chocolate,Brazil,Vanilla,0,6,0,9906
359,Erin,Francis,175.18,Mint Chocolate Chip,Canada,Vanilla,1,5,0,8996
360,Leslie,Fisher,166.9,Chocolate,Brazil,Vanilla,0,6,0,13354
361,Alyssa,Sherman,156.03,Chocolate,Japan,Vanilla,0,6,0,4119
362,Tyler,Dalton,176.93,Chocolate,Canada,Vanilla,1,6,0,10194
363,Leah,Gonzalez,167.03,Chocolate,France,Vanilla,1,6,0,7807
364,Leah,Pham,172.17,Rocky Road,Norway,Vanilla,1,6,0,12484
365,Greg,Huang,150.28,Chocolate,Japan,Vanilla,1,5,0,5537
366,Lauren,Lewis,171.66,Mint Chocolate Chip,Japan,Vanilla,0,6,0,9176
367,Jerome,Medina,170.94,French Vanilla,Brazil,Vanilla,1,6,0,5680
368,Melinda,Potter,179.76,Mint Chocolate Chip,Brazil,Vanilla,0,6,0,7796
369,Gloria,Peters,162.89,Chocolate,Brazil,Vanilla,0,6,0,11572
370,Alyssa,Fernandez,157.64,Vanilla,Japan,Vanilla,1,6,0,9650
371,Andre,Jacobs,178.66,Vanilla,Canada,Vanilla,0,6,0,13294
372,Larry,Spencer,152.48,Chocolate,Brazil,Vanilla,0,6,0,10700
373,Daisy,Hart,183.47,French Vanilla,Norway,Vanilla,1,6,0,3721
374,Anna,Washington,158.78,Chocolate,Germany,Vanilla,1,6,0,10860
375,Gloria,Chapman,164.27,Chocolate,Canada,Vanilla,0,6,0,4372
376,Jeffrey,Cummings,168.9,Chocolate,Japan,Vanilla,1,6,0,5028
377,Andrea,Nelson,180.65,Chocolate,Germany,Vanilla,1,6,0,12467
378,Brandy,Mullins,161.63,Chocolate,Brazil,Vanilla,1,6,0,4830
379,Victor,Medina,176.0,Mint Chocolate Chip,France,Vanilla,1,6,0,8503
380,Hector,Fernandez,167.74,Chocolate,Norway,Vanilla,1,5,0,3564
381,Briana,Spencer,173.41,Mint Chocolate Chip,Germany,Vanilla,1,6,0,9887
382,Greg,Deleon,166.9,Chocolate,Canada,Vanilla,0,6,0,10462
383,Amy,Dickson,154.92,Vanilla,Norway,Vanilla,1,6,0,6240
384,Martha,Aguilar,154.41,French Vanilla,France,Vanilla,1,6,0,4602
385,Alison,Schmitt,184.23,Chocolate,Germany,Vanilla,0,5,0,4300
386,Victoria,Oconnell,178.7,Chocolate,Brazil,Vanilla,0,6,0,8320
387,Robin,Henry,166.31,Chocolate,Canada,Strawberry,1,6,0,5537
388,Martin,Crosby,155.4,Chocolate,Norway,Vanilla,1,6,0,7777
389,Victoria,Walker,160.4,Chocolate,Japan,Vanilla,1,6,0,5232
390,Amy,Snyder,182.19,French Vanilla,Japan,Vanilla,1,6,0,9962
391,Hector,Kelley,145.88,Chocolate,France,Vanilla,0,6,0,8230
392,Dawn,Mcgrath,174.1,Butter Pecan,Japan,Vanilla,1,6,0,4988
393,Courtney,Fernandez,161.1,Chocolate,Brazil,Vanilla,1,6,0,6727
394,Dylan,Mcdaniel,187.48,Chocolate,France,Vanilla,0,6,0,5028
395,Joanna,Spence,154.04,Chocolate,Norway,Vanilla,1,5,0,9998
396,Kendra,Morales,156.03,Chocolate,Germany,Vanilla,0,6,0,8731
397,Tyler,Craig,156.61,Mint Chocolate Chip,Norway,Vanilla,1,6,0,3356
398,Carol,Mathews,171.11,Chocolate,Norway,Strawberry,1,6,0,11572
399,Jerome,Golden,155.34,Vanilla,Norway,Vanilla,1,6,0,1490
400,Martha,Hoffman,157.89,Chocolate,Canada,Vanilla,1,5,0,10649
401,Joanna,Stone,176.13,Chocolate,Brazil,Vanilla,0,6,0,6901
402,Anna,Osborn,171.55,Rocky Road,Norway,Vanilla,1,6,0,9957
403,Ray,Hart,157.89,Mint Chocolate Chip,Brazil,Vanilla,0,6,0,3381
404,Hector,Allen,171.87,Mint Chocolate Chip,Germany,Vanilla,1,5,0,8672
405,Willie,Morales,166.27,Chocolate,Canada,Vanilla,0,6,0,11141
406,Richard,Mendoza,165.2,Butter Pecan,France,Vanilla,0,6,0,11538
407,Tracy,Franco,173.21,French Vanilla,Norway,Vanilla,1,6,0,15389
408,Gloria,Miranda,179.56,Mint Chocolate Chip,Japan,Vanilla,1,5,0,2595
409,Tracy,Yoder,185.56,Chocolate,Norway,Vanilla,0,6,0,13660
410,Daniel,Fisher,178.85,Chocolate,Canada,Vanilla,1,6,0,11474
411,Allison,Kelley,172.87,Chocolate,Brazil,Vanilla,1,6,0,11572
412,Jerome,Newton,166.9,Mint Chocolate Chip,Canada,Vanilla,1,6,0,10202
413,Allison,Santana,178.63,Butter Pecan,Brazil,Vanilla,0,6,0,14426
414,Taylor,Cole,175.58,Chocolate,Canada,Vanilla,0,6,0,5537
415,Wendy,Mullins,164.79,Chocolate,Canada,Vanilla,1,6,0,7096
416,Anna,Cole,163.61,Mint Chocolate Chip,Brazil,Vanilla,1,6,0,6774
417,Jo,Lambert,168.9,French Vanilla,France,Vanilla,1,6,0,16062
418,Adam,Munoz,180.07,Mint Chocolate Chip,Canada,Vanilla,1,6,0,11701
419,Dawn,Benjamin,177.21,Chocolate,Norway,Vanilla,1,5,0,7599
420,Jason,Elliott,166.94,Chocolate,Brazil,Vanilla,0,0,0,5719
421,Ray,Turner,171.55,Mint Chocolate Chip,Germany,Vanilla,0,6,0,2054
422,Tamara,Spencer,170.94,Chocolate,Canada,Vanilla,1,6,0,7372
423,Anita,Murillo,192.12,French Vanilla,Canada,Vanilla,0,5,0,11010
424,Whitney,Chase,160.99,Chocolate,Brazil,Vanilla,0,6,0,7286
425,Ray,Anderson,159.98,Chocolate,Brazil,Vanilla,0,6,0,10837
426,Andre,Manning,174.72,Chocolate,Japan,Vanilla,0,5,0,4471
427,Shane,Blair,181.68,Chocolate,Norway,Vanilla,0,6,0,7796
428,Bruce,Cummings,155.4,Mint Chocolate Chip,Japan,Vanilla,1,6,0,6547
429,Allison,Deleon,174.57,Mint Chocolate Chip,Norway,Vanilla,0,6,0,4290
430,Scott,Price,176.89,Mint Chocolate Chip,Norway,Vanilla,1,5,0,8972
431,Heidi,Berger,164.4,French Vanilla,Japan,Vanilla,0,6,0,9177
432,Sylvia,Spencer,156.03,Chocolate,Japan,Vanilla,1,5,0,14492
433,Joshua,Bradley,183.5,Chocolate,Germany,Vanilla,1,6,0,8346
434,Greg,Mcintyre,155.07,French Vanilla,Canada,Vanilla,1,6,0,15914
435,Susan,Vincent,155.4,Chocolate,France,Vanilla,0,5,0,8227
436,Roberto,Sutton,180.99,Mint Chocolate Chip,Canada,Vanilla,1,6,0,7084
437,Dennis,Reed,202.19,Chocolate,Canada,Vanilla,0,6,0,10225
438,Sean,Sanchez,163.64,French Vanilla,Germany,Vanilla,0,6,0,6610
439,Susan,Russo,171.59,Chocolate,Brazil,Vanilla,1,6,0,8685
440,Dennis,Fleming,176.46,Butter Pecan,Japan,Vanilla,1,6,0,9209
441,Dawn,Klein,179.47,Butter Pecan,France,Vanilla,0,5,0,12325
442,Amy,Chan,153.91,Chocolate,Brazil,Vanilla,1,5,0,5875
443,Javier,Moody,160.56,Chocolate,Canada,Vanilla,1,6,0,12325
444,Michelle,Fernandez,173.19,Chocolate,France,Vanilla,1,6,0,9906
445,Ray,Chambers,159.85,French Vanilla,Canada,Vanilla,1,6,0,10089
446,Tamara,Flores,173.38,Chocolate,Norway,Vanilla,1,6,0,7595
447,Angelica,Berger,172.74,Butter Pecan,Canada,Vanilla,0,6,0,5106
448,Andre,Atkins,172.68,Mint Chocolate Chip,Norway,Vanilla,0,5,0,10299
449,Austin,Bates,165.63,Vanilla,Canada,Vanilla,1,6,0,10210
450,Sabrina,Mathis,172.68,Mint Chocolate Chip,France,Vanilla,1,6,0,10986
451,Daisy,Mendoza,165.37,Mint Chocolate Chip,Germany,Vanilla,0,6,0,8959
452,Amy,Willis,169.43,Mint Chocolate Chip,Canada,Vanilla,0,6,0,3564
453,Kerry,Craig,178.63,Neapolitan,France,Vanilla,0,6,0,4000
454,Leslie,Cohen,167.03,Mint Chocolate Chip,Brazil,Vanilla,0,6,0,6425
455,Kerry,Mullins,183.13,Chocolate,Canada,Vanilla,1,6,0,9604
456,Blake,Benjamin,187.06,Chocolate,Canada,Vanilla,0,6,0,5743
457,Victoria,Vincent,168.58,Chocolate,Canada,Vanilla,0,5,0,10986
458,Dawn,Chandler,161.99,Mint Chocolate Chip,Japan,Vanilla,1,6,0,6879
459,Jeffrey,Mathis,164.4,Rocky Road,Canada,Vanilla,1,6,0,5627
460,Allison,Barrera,163.87,Mint Chocolate Chip,Canada,Vanilla,1,5,0,5972
461,Kendra,Bates,173.53,Chocolate,France,Vanilla,1,5,0,1944
462,Courtney,Fernandez,174.29,Chocolate,France,Vanilla,1,6,0,12201
463,Ray,Cummings,163.88,Butter Pecan,Canada,Strawberry,1,6,0,7466
464,Daisy,Ramsey,150.28,Chocolate,Brazil,Vanilla,1,6,0,10462
465,Briana,Murillo,171.08,Chocolate,Canada,Vanilla,1,5,0,12484
466,Caroline,Vaughn,170.42,Chocolate,Brazil,Vanilla,0,6,0,7955
467,Logan,Byrd,178.14,Mint Chocolate Chip,Canada,Vanilla,1,6,0,3306
468,Tracy,Crosby,159.4,Vanilla,Brazil,Strawberry,1,6,0,10277
469,Tamara,Ballard,179.25,French Vanilla,France,Vanilla,0,6,0,9458
470,Caroline,Atkins,161.81,Neapolitan,Brazil,Vanilla,1,6,0,10001
471,Caroline,Brennan,182.76,French Vanilla,Japan,Vanilla,0,6,0,6395
472,Leah,Walker,164.73,Chocolate,Germany,Vanilla,1,6,0,2885
473,Jacqueline,Cummings,165.2,Vanilla,Norway,Vanilla,1,5,0,11840
474,Victoria,Sutton,171.17,Butter Pecan,Brazil,Vanilla,0,6,0,10050
475,Krystal,Mullins,178.34,French Vanilla,Canada,Vanilla,1,6,0,8805
476,Carol,Atkins,172.81,Rocky Road,Norway,Vanilla,1,6,0,5393
477,Dylan,Lara,179.18,French Vanilla,Japan,Vanilla,0,6,0,7694
478,Vincent,Moon,174.29,Chocolate,France,Vanilla,0,6,0,12557
479,Howard,Medina,163.8,Chocolate,Brazil,Vanilla,1,6,0,11316
480,Timothy,Miranda,170.86,Mint Chocolate Chip,Brazil,Vanilla,1,5,0,8630
481,Pamela,Fleming,173.31,Mint Chocolate Chip,Germany,Vanilla,1,6,0,9604
482,Ryan,Dalton,180.47,Chocolate,Japan,Vanilla,0,5,0,10249
483,Anna,Burgess,184.3,Chocolate,Brazil,Vanilla,1,6,0,9565
484,Courtney,Patrick,170.42,Chocolate,France,Vanilla,0,6,0,6962
485,Jeffrey,Goodman,170.26,French Vanilla,Norway,Vanilla,1,6,0,5115
486,Chase,Craig,168.65,French Vanilla,France,Vanilla,0,5,0,6093
487,Victor,Hart,156.03,Vanilla,Brazil,Vanilla,1,6,0,10573
488,Shawn,Bates,166.66,Chocolate,Canada,Vanilla,0,5,0,8435
489,Miguel,Pham,197.03,Mint Chocolate Chip,Brazil,Vanilla,1,5,0,9813
490,Andrea,Stafford,161.23,Chocolate,Brazil,Vanilla,0,6,0,9957
491,Jimmy,Compton,157.64,Chocolate,Canada,Vanilla,1,6,0,8227
492,Ray,Sutton,158.07,Chocolate,Canada,Vanilla,1,5,0,10225
493,Susan,Rogers,183.13,Chocolate,Japan,Vanilla,1,6,0,9515
494,Amy,Coleman,174.29,Chocolate,Japan,Vanilla,1,6,0,10092
495,Amber,Patrick,169.9,Chocolate,Japan,Vanilla,0,6,0,10375
496,Jo,Stuart,155.44,Chocolate,Brazil,Vanilla,0,6,0,7295
497,Victoria,Griffin,150.41,French Vanilla,Brazil,Vanilla,1,5,0,5006
498,Anna,Meyer,182.04,French Vanilla,Japan,Vanilla,1,6,0,9847
499,Javier,Schmitt,162.39,Chocolate,Canada,Vanilla,1,6,0,4239
500,Drew,Hansen,175.18,Chocolate,France,Vanilla,0,5,0,10194
501,Janet,Cummings,173.75,Butter Pecan,France,Vanilla,0,6,0,6540
502,Shane,Wang,176.61,Rocky Road,France,Vanilla,1,6,0,5134
503,Gabriela,Valdez,178.77,Chocolate,Brazil,Vanilla,1,6,0,10194
504,Tracy,Lara,174.01,Butter Pecan,Japan,Vanilla,0,5,0,8320
505,Daisy,Harper,194.37,Mint Chocolate Chip,Brazil,Vanilla,0,6,0,7599
506,Bonnie,Rocha,171.66,Chocolate,Brazil,Vanilla,1,6,0,9906
507,Dominique,Hernandez,173.69,Mint Chocolate Chip,Norway,Vanilla,0,6,0,7941
508,Melinda,Price,178.48,Chocolate,France,Vanilla,0,5,0,8595
509,Timothy,Stafford,175.18,Chocolate,France,Vanilla,0,6,0,5795
510,Hector,Freeman,173.32,Chocolate,France,Vanilla,0,6,0,6379
511,Tamara,Hampton,168.86,Vanilla,Japan,Vanilla,1,6,0,10089
512,Sabrina,Fleming,180.41,Chocolate,Canada,Vanilla,1,5,0,8912
513,Jeffrey,Mullins,178.7,Mint Chocolate Chip,France,Vanilla,1,6,0,4119
514,Dominique,Mathis,171.02,Mint Chocolate Chip,Brazil,Vanilla,1,6,0,6547
515,Jermaine,Wells,165.44,Mint Chocolate Chip,Japan,Vanilla,1,5,0,4022
516,Ryan,Moon,161.99,Chocolate,Canada,Vanilla,1,6,0,12426
517,Dylan,Moody,171.62,Chocolate,Canada,Vanilla,0,6,0,2915
518,Devon,Mendoza,170.3,Chocolate,Brazil,Vanilla,1,6,0,8231
519,Doris,Lane,165.83,Chocolate,Japan,Vanilla,0,6,0,10462
520,Jason,Cummings,185.44,Chocolate,Brazil,Vanilla,1,6,0,6658
521,Tamara,Moon,162.59,Mint Chocolate Chip,Norway,Vanilla,0,6,0,1259
522,Katie,Ortega,158.01,Rocky Road,Canada,Vanilla,1,6,0,12885
523,Ray,Wood,174.29,Rocky Road,Japan,Vanilla,1,6,0,7431
524,Caroline,Santana,170.42,Chocolate,Canada,Vanilla,0,5,0,11196
525,Sean,Mercado,182.56,Chocolate,Canada,Vanilla,1,6,0,9957
526,Susan,Watson,149.75,French Vanilla,Brazil,Vanilla,0,6,0,8346
527,Carol,Spencer,178.26,French Vanilla,Norway,Vanilla,1,6,0,8227
528,Tyler,Rogers,166.9,Mint Chocolate Chip,France,Vanilla,1,6,0,8112
529,Collin,Spencer,170.58,Chocolate,Canada,Vanilla,1,5,0,10592
530,Misty,Craig,184.19,Mint Chocolate Chip,Canada,Vanilla,1,6,0,10270
531,Alexandra,Hart,182.04,Mint Chocolate Chip,Canada,Vanilla,0,6,0,8040
532,Stanley,Price,145.04,Chocolate,Canada,Vanilla,1,6,0,10649
533,Ryan,Price,183.78,Mint Chocolate Chip,Brazil,Vanilla,0,6,0,6426
534,Kendra,Rhodes,180.99,Chocolate,Brazil,Vanilla,1,6,0,12426
535,Martin,Allen,187.69,Chocolate,Japan,Vanilla,1,6,0,14492
536,Christine,Atkins,174.1,Chocolate,France,Vanilla,1,6,0,6547
537,Dominique,Aguilar,168.58,Mint Chocolate Chip,Norway,Vanilla,1,6,0,4146
538,Marie,Dickson,181.54,Chocolate,Canada,Vanilla,0,5,0,11975
539,Jo,Moon,183.3,Chocolate,Brazil,Vanilla,0,6,0,11975
540,Jo,Compton,155.33,Chocolate,Canada,Vanilla,1,6,0,7681
541,Caroline,Dickson,179.54,Chocolate,Brazil,Vanilla,1,6,0,5023
542,Sergio,Wyatt,176.0,Chocolate,Brazil,Vanilla,1,6,0,11481
543,Shaun,Atkins,157.64,Mint Chocolate Chip,Germany,Vanilla,1,6,0,5115
544,Peggy,Robbins,172.68,Chocolate,Canada,Vanilla,1,6,0,6548
545,Dennis,Davidson,182.76,Vanilla,Brazil,Vanilla,1,6,0,4000
546,Jeffrey,Berger,161.5,Chocolate,France,Vanilla,1,5,0,3861
547,Gloria,Cole,181.33,French Vanilla,Brazil,Strawberry,0,6,0,8290
548,Anna,Lara,173.19,Mint Chocolate Chip,Brazil,Vanilla,1,5,0,10050
549,Stanley,Burgess,168.42,Vanilla,Canada,Vanilla,0,6,0,10573
550,Janet,Sanchez,178.82,Chocolate,Norway,Vanilla,1,6,0,8996
551,Heidi,Harrell,165.83,French Vanilla,France,Vanilla,1,5,0,8972
552,Monique,House,164.0,Chocolate,Canada,Vanilla,0,6,0,8685
553,Glen,Craig,171.55,Chocolate,Canada,Vanilla,0,6,0,6240
554,Jason,Jacobs,182.56,Chocolate,Norway,Vanilla,1,6,0,9716
555,Danny,Jacobs,157.89,Chocolate,Japan,Vanilla,1,6,0,9205
556,Sabrina,Fleming,154.64,Chocolate,France,Vanilla,1,6,0,4689
557,Michelle,Moody,178.82,Chocolate,Norway,Vanilla,1,6,0,10203
558,Ray,Cochran,179.01,Chocolate,Norway,Vanilla,0,6,0,8934
559,Marie,Acosta,157.89,Chocolate,Japan,Vanilla,1,6,0,4293
560,Lauren,Spencer,162.97,Rocky Road,Japan,Vanilla,0,6,0,4602
561,Ronnie,Collins,178.77,Mint Chocolate Chip,Japan,Vanilla,1,6,0,6892
562,Harry,Moore,189.37,Chocolate,Canada,Vanilla,1,5,0,5053
563,Caroline,Murillo,185.64,Neapolitan,Japan,Vanilla,1,6,0,4265
564,Ashlee,Schultz,159.98,Mint Chocolate Chip,Germany,Vanilla,1,6,0,11690
565,Scott,Schmitt,184.65,Chocolate,Japan,Vanilla,0,6,0,8837
566,Dylan,Stevens,165.83,Chocolate,Canada,Vanilla,0,6,0,6547
567,Shirley,Hoffman,180.44,Chocolate,Japan,Vanilla,0,6,0,7929
568,Amber,Goodman,164.87,French Vanilla,Norway,Vanilla,1,5,0,12325
569,Tyler,Kelley,161.99,Chocolate,Brazil,Vanilla,1,6,0,6709
570,Allison,Mcintyre,143.96,Chocolate,Canada,Vanilla,1,6,0,5023
571,Tamara,Rogers,162.97,French Vanilla,Japan,Vanilla,1,5,0,3564
572,Angie,Sanchez,178.14,Chocolate,France,Vanilla,0,6,0,10411
573,Casey,Cummings,182.19,French Vanilla,France,Vanilla,1,6,0,10050
574,Shirley,Bates,186.45,French Vanilla,Brazil,Vanilla,0,5,0,11431
575,Vicki,Berger,161.38,Chocolate,Canada,Vanilla,0,6,0,5083
576,Dwayne,Henry,187.69,Chocolate,Canada,Vanilla,1,6,0,8934
577,Daisy,Bradley,155.34,Chocolate,Brazil,Strawberry,1,6,0,9519
578,Sabrina,Dalton,161.81,Mint Chocolate Chip,Japan,Vanilla,1,6,0,6709
579,Andre,Mendoza,168.42,Chocolate,Brazil,Vanilla,0,0,0,12569
580,Virginia,Cochran,182.04,Mint Chocolate Chip,Japan,Vanilla,0,6,0,10194
581,Jack,Fleming,173.31,Chocolate,Japan,Vanilla,1,6,0,2937
582,Vicki,Clayton,164.18,Neapolitan,Norway,Vanilla,0,6,0,7599
583,Regina,Franco,187.48,Chocolate,Norway,Vanilla,1,6,0,7796
584,Tamara,Aguilar,171.33,Chocolate,Germany,Vanilla,1,6,0,12484
585,Janet,Yang,178.32,Chocolate,Norway,Vanilla,1,6,0,7373
586,Adam,Green,175.3,Mint Chocolate Chip,France,Vanilla,0,6,0,9357
587,Dominique,Turner,183.5,Chocolate,Canada,Vanilla,0,5,0,6093
588,Kerry,Patrick,159.4,Chocolate,Brazil,Vanilla,1,6,0,10109
589,Allison,Murillo,167.66,Rocky Road,Canada,Vanilla,1,5,0,7955
590,Cassandra,Moon,152.48,Chocolate,Brazil,Vanilla,1,6,0,4471
591,Melinda,Wyatt,164.87,Mint Chocolate Chip,Japan,Vanilla,1,6,0,12484
592,Cassandra,Cummings,164.96,Chocolate,France,Vanilla,0,6,0,15914
593,Krystal,Craig,153.91,Chocolate,Japan,Vanilla,0,5,0,8972
594,Tracy,Bates,156.61,Chocolate,Brazil,Vanilla,1,6,0,9847
595,Erika,Hart,183.4,Chocolate,Japan,Vanilla,0,6,0,9650
596,Jason,Campbell,176.93,Chocolate,Canada,Vanilla,0,5,0,4000
597,Derek,Barnett,185.35,Mint Chocolate Chip,France,Vanilla,1,5,0,3861
598,Beth,Fleming,172.87,Chocolate,Brazil,Vanilla,0,6,0,6281
599,Jimmy,Bowman,174.01,Chocolate,France,Vanilla,1,6,0,7941
600,Ronald,Chapman,187.48,Chocolate,Canada,Vanilla,0,6,0,16062
601,Tara,Bates,178.63,Vanilla,Japan,Vanilla,0,6,0,10299
602,Carol,Huynh,173.19,Mint Chocolate Chip,France,Vanilla,0,5,0,14531
603,Courtney,Goodman,165.44,Vanilla,France,Vanilla,1,6,0,6935
604,Angie,Webster,175.96,Chocolate,Japan,Vanilla,1,6,0,5079
605,Greg,Park,157.64,Chocolate,Brazil,Vanilla,0,6,0,1259
606,Vicki,Montgomery,173.66,Chocolate,Norway,Vanilla,0,6,0,5023
607,Cassandra,Whitaker,183.17,Chocolate,Germany,Strawberry,1,6,0,8601
608,Kendra,Duffy,161.23,Chocolate,Japan,Vanilla,1,6,0,3263
609,Alyssa,Vaughn,161.69,Butter Pecan,Japan,Vanilla,1,0,0,9650
610,Caroline,Park,162.89,Chocolate,Brazil,Vanilla,0,6,0,3261
611,Cassandra,Coleman,172.38,Chocolate,Brazil,Vanilla,1,6,0,6824
612,Caleb,Hernandez,168.32,French Vanilla,Brazil,Vanilla,1,6,0,12325
613,Shelia,Craig,174.41,Chocolate,Canada,Vanilla,1,5,0,12140
614,Dwayne,Cummings,168.44,French Vanilla,Canada,Vanilla,0,5,0,10049
615,Veronica,Gonzalez,160.29,Chocolate,Canada,Vanilla,1,6,0,7796
616,Martin,Fernandez,146.49,French Vanilla,Canada,Vanilla,1,6,0,5504
617,Dylan,Acevedo,167.74,Chocolate,France,Vanilla,0,6,0,2937
618,Ray,Anderson,166.51,Chocolate,Brazil,Vanilla,1,6,0,3356
619,Shirley,Barr,155.44,Vanilla,Canada,Vanilla,1,6,0,8972
620,Marie,Lambert,169.9,Chocolate,Brazil,Vanilla,1,6,0,4602
621,Erika,Blair,173.21,Chocolate,Germany,Vanilla,1,6,0,6052
622,Victor,Walker,182.19,Mint Chocolate Chip,France,Vanilla,0,6,0,8579
623,Joshua,Lowe,155.4,Mint Chocolate Chip,Japan,Vanilla,0,5,0,11740
624,Ronald,Patrick,171.55,Chocolate,Japan,Vanilla,1,6,0,10001
625,Garrett,Spence,165.83,Mint Chocolate Chip,Norway,Vanilla,1,0,0,6303
626,Larry,Mcdaniel,178.48,Vanilla,Canada,Vanilla,1,6,0,6667
627,Catherine,Craig,173.53,Chocolate,Norway,Vanilla,1,5,0,2937
628,Roberto,Porter,152.17,Chocolate,Brazil,Vanilla,0,6,0,4441
629,Joshua,Mathis,167.74,Chocolate,Norway,Vanilla,1,6,0,9516
630,Noah,Mercado,161.38,French Vanilla,Canada,Vanilla,1,6,0,6279
631,Dylan,Spencer,166.9,Mint Chocolate Chip,Canada,Vanilla,0,6,0,7084
632,Tyler,Santana,169.9,Chocolate,Japan,Vanilla,1,6,0,9087
633,Garrett,Fisher,179.29,Chocolate,Brazil,Vanilla,0,6,0,6281
634,Jacqueline,Harrell,172.0,Mint Chocolate Chip,Norway,Vanilla,1,6,0,3128
635,Larry,Cummings,162.21,Chocolate,Canada,Vanilla,1,6,0,1490
636,Javier,Washington,171.03,Chocolate,Norway,Vanilla,0,6,0,1796
637,Carol,Wells,159.98,Chocolate,Norway,Vanilla,1,6,0,10860
638,Carol,Bowman,183.17,Chocolate,France,Vanilla,1,6,0,12429
639,Jermaine,Mullins,179.56,Butter Pecan,France,Vanilla,1,6,0,5801
640,Andrea,Dickson,166.18,Chocolate,France,Vanilla,0,6,0,7404
641,Joanna,Clayton,173.7,Chocolate,Brazil,Vanilla,1,6,0,2915
642,Collin,Houston,161.99,French Vanilla,Brazil,Vanilla,1,6,0,13109
643,Gavin,Walker,171.66,Mint Chocolate Chip,France,Vanilla,1,6,0,7084
644,Howard,Fisher,145.04,Chocolate,Canada,Vanilla,1,6,0,9887
645,Derek,Spencer,172.81,French Vanilla,Brazil,Vanilla,1,6,0,5134
646,Morgan,Henry,173.12,Butter Pecan,Germany,Vanilla,1,6,0,7181
647,Jo,Fernandez,164.56,Chocolate,Japan,Vanilla,1,6,0,5504
648,Tracey,Weaver,154.92,Chocolate,Brazil,Vanilla,1,6,0,8672
649,Jeffrey,Spencer,175.79,Mint Chocolate Chip,Norway,Vanilla,1,6,0,10210
650,Amber,Nguyen,178.58,Chocolate,Canada,Vanilla,1,6,0,9288
651,Bruce,Fernandez,183.5,Mint Chocolate Chip,Brazil,Vanilla,1,0,0,10837
652,Susan,Robbins,164.37,Chocolate,Japan,Vanilla,1,6,0,8537
653,Jonathan,Martinez,160.04,Chocolate,Brazil,Vanilla,0,6,0,6536
654,Jimmy,Stafford,172.62,Chocolate,Brazil,Vanilla,0,6,0,4293
655,Tracy,Willis,188.32,Chocolate,Canada,Vanilla,1,6,0,14492
656,Tyler,Mathis,159.4,Chocolate,Japan,Vanilla,1,6,0,9906
657,Marie,Compton,161.38,Rocky Road,Japan,Vanilla,1,6,0,4372
658,Krystal,Bernard,178.85,French Vanilla,France,Vanilla,0,6,0,4988
659,Kerry,Allen,162.89,Chocolate,Norway,Vanilla,1,5,0,13109
660,Sabrina,Mcintyre,174.94,French Vanilla,Norway,Vanilla,1,6,0,6997
661,Courtney,Spence,168.42,Butter Pecan,Canada,Vanilla,0,6,0,2915
662,Melinda,Crosby,182.13,Mint Chocolate Chip,Japan,Vanilla,1,5,0,6997
663,Dennis,Mills,176.89,Rocky Road,Japan,Vanilla,0,5,0,12325
664,Jo,Hawkins,157.64,Chocolate,France,Vanilla,0,6,0,6658
665,Morgan,Boyd,167.74,Chocolate,Japan,Vanilla,1,6,0,6379
666,Jeffrey,Crosby,173.91,French Vanilla,Norway,Vanilla,1,6,0,10448
667,Jimmy,House,176.13,Butter Pecan,Canada,Vanilla,1,6,0,7929
668,Andre,Kerr,152.64,Mint Chocolate Chip,Brazil,Vanilla,1,6,0,1091
669,Gabriela,Obrien,167.04,Mint Chocolate Chip,France,Vanilla,1,6,0,10842
670,Whitney,Allen,179.0,Mint Chocolate Chip,Canada,Vanilla,1,6,0,7673
671,Victoria,Spencer,173.93,Vanilla,Brazil,Vanilla,0,6,0,15914
672,Caroline,Benson,157.84,Chocolate,Canada,Vanilla,1,5,0,4471
673,Angelica,Lambert,173.32,Chocolate,Canada,Vanilla,1,5,0,10748
674,Charles,Compton,182.04,Chocolate,Japan,Vanilla,0,6,0,8579
675,Clifford,Burgess,178.58,Chocolate,Canada,Vanilla,1,5,0,8231
676,Dylan,Richards,174.05,Mint Chocolate Chip,Canada,Vanilla,0,6,0,8985
677,Misty,Montgomery,170.12,Chocolate,Canada,Vanilla,1,6,0,7516
678,Jason,Goodman,153.91,Chocolate,Japan,Vanilla,1,5,0,11538
679,Cassandra,French,174.29,French Vanilla,Japan,Vanilla,1,6,0,8894
680,Erica,Davidson,144.39,Butter Pecan,Brazil,Vanilla,0,6,0,10109
681,Sergio,Mercado,164.27,Chocolate,Germany,Vanilla,0,6,0,11826
682,Devin,Dickson,175.26,Chocolate,Japan,Vanilla,1,6,0,10411
683,Cassandra,Gonzalez,173.38,Chocolate,Norway,Vanilla,1,6,0,7072
684,Michaela,Moon,166.28,Mint Chocolate Chip,Canada,Strawberry,0,5,0,14492
685,Sabrina,Mcintyre,155.13,Mint Chocolate Chip,Canada,Vanilla,1,6,0,5743
686,Jonathan,Pham,160.28,Chocolate,Brazil,Vanilla,0,6,0,8543
687,Shane,Cummings,165.83,Chocolate,Japan,Vanilla,1,6,0,9541
688,Anita,Santana,165.39,Chocolate,Brazil,Vanilla,1,6,0,3306
689,Larry,Mills,159.4,Neapolitan,France,Vanilla,0,6,0,9516
690,Dylan,Kelly,170.58,Chocolate,Germany,Vanilla,1,6,0,1944
691,Cassandra,Golden,185.57,Chocolate,France,Vanilla,0,5,0,4227
692,Tyler,Flores,177.2,Mint Chocolate Chip,Japan,Strawberry,1,6,0,8837
693,Leah,Benjamin,159.19,Butter Pecan,Japan,Strawberry,1,6,0,10860
694,Carol,Mendoza,177.25,Mint Chocolate Chip,Brazil,Vanilla,1,5,0,4479
695,Caroline,Oconnell,168.26,Chocolate,Germany,Vanilla,1,6,0,6540
696,Dylan,Sanders,170.58,Butter Pecan,France,Vanilla,1,6,0,3731
697,Brandy,Becker,175.26,Chocolate,Brazil,Vanilla,0,6,0,8074
698,Leslie,Hernandez,156.03,Butter Pecan,France,Vanilla,1,5,0,9737
699,Adam,Nguyen,164.79,Butter Pecan,Germany,Vanilla,0,5,0,10933
700,Catherine,Owens,155.4,Butter Pecan,France,Vanilla,1,5,0,8894
701,Matthew,Neal,173.32,Chocolate,Brazil,Vanilla,1,6,0,2806
702,Ronnie,Deleon,168.11,Chocolate,Norway,Vanilla,1,5,0,4657
703,Vanessa,Lewis,166.9,Chocolate,Brazil,Vanilla,1,6,0,11826
704,Anita,Howell,168.42,Chocolate,Norway,Vanilla,1,6,0,9255
705,Tammie,Stuart,163.44,Vanilla,Brazil,Vanilla,1,5,0,8435
706,Jamie,Reed,167.74,Mint Chocolate Chip,Canada,Vanilla,0,6,0,7655
707,Misty,Pham,163.87,Mint Chocolate Chip,Norway,Vanilla,0,5,0,11503
708,Deanna,Washington,166.94,Chocolate,Japan,Vanilla,1,5,0,6774
709,Jimmy,Francis,168.83,Chocolate,Japan,Vanilla,1,6,0,5719
710,Gabriela,Compton,179.01,Neapolitan,France,Vanilla,1,6,0,4868
711,Kendra,Hart,174.27,Mint Chocolate Chip,Canada,Vanilla,1,0,0,7796
712,Logan,Klein,166.9,Chocolate,Brazil,Vanilla,0,6,0,7673
713,Dawn,Hansen,182.19,Chocolate,Norway,Vanilla,1,6,0,12221
714,Chase,Campbell,178.75,Chocolate,Norway,Vanilla,0,6,0,10573
715,Dylan,Myers,172.62,Chocolate,Canada,Vanilla,1,6,0,4300
716,Mariah,Barr,184.19,Mint Chocolate Chip,Norway,Vanilla,1,5,0,5134
717,Leah,Klein,182.56,Chocolate,Japan,Vanilla,1,6,0,10837
718,Tamara,Byrd,156.61,Vanilla,Canada,Vanilla,0,6,0,3731
719,Caroline,Allen,162.36,Chocolate,Japan,Vanilla,1,5,0,9515
720,Cassandra,Park,160.58,Chocolate,Brazil,Vanilla,0,6,0,10462
721,Jo,Ballard,162.97,Chocolate,Norway,Strawberry,1,6,0,6395
722,Sean,Davidson,148.18,Chocolate,Germany,Vanilla,1,5,0,14492
723,Brandy,Chandler,179.01,Mint Chocolate Chip,France,Vanilla,1,5,0,8805
724,Amy,Fleming,167.66,Rocky Road,France,Vanilla,1,6,0,13852
725,Victor,Mathis,155.34,Mint Chocolate Chip,Japan,Vanilla,1,6,0,7084
726,Marie,Schmitt,162.89,Mint Chocolate Chip,Japan,Vanilla,1,6,0,10152
727,Shane,Ballard,163.61,Chocolate,Norway,Vanilla,1,6,0,6206
728,Christine,Johns,174.45,Chocolate,Canada,Vanilla,1,5,0,7966
729,Janet,Moody,179.25,French Vanilla,Brazil,Vanilla,1,5,0,9906
730,Vicki,Goodman,174.58,Chocolate,Brazil,Vanilla,1,6,0,4406
731,Bruce,Bates,194.54,Chocolate,Japan,Vanilla,1,0,0,9519
732,Dwayne,Cruz,181.54,Chocolate,Norway,Vanilla,1,6,0,7807
733,Sabrina,Dickson,176.64,Chocolate,France,Strawberry,1,6,0,8666
734,Monique,Meadows,159.4,Chocolate,Canada,Vanilla,0,6,0,11271
735,Loretta,Coleman,192.19,Rocky Road,France,Vanilla,1,6,0,9530
736,Mallory,Lane,174.45,Chocolate,Brazil,Vanilla,1,6,0,8074
737,Sylvia,Deleon,161.92,Chocolate,Japan,Vanilla,1,6,0,11040
738,Heidi,Atkins,161.3,Rocky Road,France,Vanilla,0,6,0,6658
739,Wendy,Allen,166.9,Chocolate,Brazil,Vanilla,1,5,0,6971
740,Peggy,Bradley,180.65,Chocolate,Germany,Vanilla,0,6,0,8320
741,Ronald,Spencer,166.76,Mint Chocolate Chip,Germany,Vanilla,1,6,0,9847
742,Carlos,Mendoza,162.39,Mint Chocolate Chip,Canada,Vanilla,1,6,0,11109
743,Victoria,Chase,168.26,Chocolate,France,Vanilla,1,5,0,12325
744,Cassandra,Francis,171.06,Chocolate,Germany,Vanilla,1,6,0,14531
745,Cheyenne,Russo,169.49,Chocolate,Canada,Vanilla,1,6,0,7373
746,Hector,Holt,179.92,Neapolitan,Norway,Vanilla,0,6,0,7673
747,Dylan,Golden,174.92,Chocolate,Japan,Vanilla,1,0,0,8985
748,Kendra,Mcintyre,174.27,Chocolate,Japan,Vanilla,1,6,0,3731
749,Jo,Sloan,165.39,Chocolate,Japan,Vanilla,0,6,0,7404
750,Sergio,Hampton,164.55,Butter Pecan,Canada,Vanilla,0,6,0,14492
751,Heidi,Hart,174.45,Butter Pecan,Canada,Vanilla,1,6,0,8377
752,Shelia,Peters,163.54,Butter Pecan,Norway,Vanilla,1,5,0,2198
753,Anna,Kramer,194.37,Vanilla,Canada,Vanilla,1,6,0,4300
754,Cassandra,Reed,159.12,Chocolate,France,Vanilla,1,6,0,10299
755,Melinda,Bates,178.7,French Vanilla,Brazil,Strawberry,1,5,0,10049
756,Jeffrey,Francis,173.31,Chocolate,Brazil,Strawberry,1,6,0,8537
757,Noah,Schultz,165.94,French Vanilla,Canada,Vanilla,1,5,0,13109
758,Joshua,Burgess,175.81,Chocolate,Japan,Vanilla,0,5,0,9087
759,Duane,Berger,175.96,Chocolate,Germany,Vanilla,0,6,0,10462
760,Virginia,Mcgrath,168.28,Mint Chocolate Chip,France,Vanilla,0,6,0,8819
761,Andrea,Compton,175.37,Butter Pecan,Brazil,Vanilla,1,6,0,2054
762,Morgan,Kim,158.78,Chocolate,Norway,Vanilla,1,6,0,7373
763,Caroline,Henry,188.32,Chocolate,Norway,Vanilla,1,6,0,11503
764,Alexandra,Anderson,172.0,Mint Chocolate Chip,Japan,Vanilla,1,6,0,11586
765,Janet,Kirk,183.28,Chocolate,Norway,Vanilla,1,6,0,4756
766,Angelica,Walker,187.69,Chocolate,Japan,Vanilla,1,6,0,3531
767,Susan,Berry,179.01,French Vanilla,France,Vanilla,1,5,0,4369
768,Cassandra,Gonzalez,167.57,Mint Chocolate Chip,Brazil,Vanilla,1,6,0,4369
769,Doris,Ballard,179.25,Chocolate,Canada,Vanilla,1,6,0,4471
770,Miguel,Wilson,182.19,Chocolate,France,Strawberry,0,6,0,9387
771,Ray,Becker,156.07,Mint Chocolate Chip,Brazil,Vanilla,0,6,0,8074
772,Jacqueline,Atkins,165.17,Chocolate,Norway,Vanilla,0,6,0,4471
773,Dawn,Mcgrath,171.17,Chocolate,Brazil,Vanilla,0,6,0,6842
774,Gabriela,Cruz,165.39,Chocolate,Japan,Vanilla,1,6,0,8959
775,Janet,Campbell,156.04,Chocolate,Japan,Vanilla,1,6,0,6962
776,Bruce,Spence,186.94,Chocolate,France,Vanilla,0,5,0,7055
777,Charles,Kelley,185.57,Chocolate,Canada,Vanilla,1,6,0,7339
778,Cassandra,Mullins,170.58,Mint Chocolate Chip,France,Vanilla,0,5,0,7966
779,Joshua,Mercado,179.53,Chocolate,Japan,Vanilla,1,5,0,9284
780,Virginia,Cruz,169.57,Butter Pecan,France,Vanilla,0,5,0,12688
781,Gabriela,Hart,161.63,Chocolate,France,Vanilla,1,6,0,8320
782,Adam,Bates,157.89,Chocolate,Brazil,Vanilla,0,5,0,14531
783,Teresa,Cruz,171.87,Chocolate,France,Vanilla,1,6,0,14426
784,Tyler,Hamilton,173.31,Chocolate,Norway,Vanilla,0,6,0,8076
785,Sabrina,Chandler,162.89,Chocolate,France,Vanilla,0,5,0,5023
786,Erica,Barnett,159.57,Chocolate,Germany,Vanilla,1,5,0,10935
787,Tyler,Johns,156.04,Chocolate,Germany,Vanilla,1,6,0,9957
788,Misty,Ortega,171.06,Chocolate,Brazil,Vanilla,1,6,0,9253
789,Jo,Kerr,166.9,Mint Chocolate Chip,Canada,Vanilla,1,6,0,1796
790,Robin,Goodman,167.41,Chocolate,Brazil,Vanilla,1,6,0,8076
791,Pamela,Houston,182.1,Chocolate,Canada,Strawberry,1,6,0,11428
792,Ana,Sutton,166.31,Chocolate,Brazil,Vanilla,1,6,0,6971
793,Jamie,Sutton,161.03,Chocolate,Japan,Strawberry,1,6,0,3564
794,Greg,Harris,178.48,Mint Chocolate Chip,France,Vanilla,0,5,0,8890
795,Alexandra,House,161.1,Chocolate,Japan,Vanilla,0,6,0,8232
796,Drew,Griffin,159.12,Chocolate,Canada,Vanilla,1,6,0,14492
797,Janet,Walker,159.98,Chocolate,France,Vanilla,1,6,0,9906
798,Janet,Hampton,182.19,French Vanilla,Brazil,Vanilla,1,6,0,9755
799,Misty,Wilson,178.34,Mint Chocolate Chip,Canada,Vanilla,1,6,0,10649
800,Tammie,Chase,175.81,Chocolate,Norway,Vanilla,0,6,0,10592
801,Regina,Wells,169.9,Chocolate,Canada,Vanilla,1,0,0,12467
802,Amy,Crosby,173.53,Chocolate,Norway,Vanilla,1,6,0,5247
803,Allison,Chandler,174.92,Chocolate,France,Vanilla,1,6,0,11474
804,Cory,Price,179.54,Mint Chocolate Chip,France,Vanilla,0,6,0,14492
805,Ronnie,Bernard,178.24,Vanilla,Germany,Vanilla,0,5,0,7517
806,Javier,Blair,158.86,Chocolate,Japan,Vanilla,1,6,0,5627
807,Dennis,Rocha,166.94,Chocolate,Canada,Vanilla,1,6,0,12484
808,Kristin,Moon,159.52,Chocolate,Norway,Vanilla,1,5,0,5743
809,Michaela,Ibarra,146.5,Chocolate,Japan,Vanilla,1,6,0,10990
810,Stanley,Cummings,162.06,Chocolate,Canada,Vanilla,0,6,0,11549
811,Glen,Mcintyre,164.96,French Vanilla,France,Vanilla,1,6,0,10194
812,Harry,Berger,173.41,Mint Chocolate Chip,Germany,Vanilla,0,6,0,4441
813,Charles,Glenn,163.87,Chocolate,Canada,Vanilla,0,5,0,6536
814,Melinda,Sanchez,157.19,Chocolate,Canada,Vanilla,1,5,0,4471
815,Glen,Davidson,163.64,Chocolate,Japan,Vanilla,1,6,0,12325
816,Julia,Clarke,186.15,Butter Pecan,Japan,Vanilla,0,6,0,3381
817,Sonya,Mendoza,167.57,Rocky Road,Canada,Vanilla,1,5,0,13109
818,Andre,Dixon,169.72,Chocolate,Canada,Vanilla,1,6,0,11109
819,Adam,Freeman,161.69,Butter Pecan,Norway,Vanilla,1,6,0,11501
820,Sabrina,Davidson,163.54,Chocolate,Japan,Vanilla,1,6,0,9530
821,Sheila,Wells,184.23,French Vanilla,Canada,Vanilla,1,6,0,2937
822,Angela,Fleming,174.55,French Vanilla,Japan,Vanilla,1,5,0,9650
823,Alexandra,Lowe,178.66,French Vanilla,Germany,Vanilla,0,6,0,2812
824,Jerome,Hart,161.38,Chocolate,Canada,Strawberry,1,6,0,14562
825,Victor,Hernandez,169.8,Chocolate,Germany,Vanilla,0,6,0,12467
826,Leslie,Fleming,177.2,Chocolate,Norway,Vanilla,1,6,0,4372
827,Martin,Hampton,178.84,Chocolate,Japan,Vanilla,1,6,0,9357
828,Erika,Hernandez,159.69,Chocolate,Germany,Vanilla,1,6,0,3263
829,Amber,Preston,162.92,Chocolate,Japan,Vanilla,1,5,0,4765
830,Julia,Moody,156.04,Mint Chocolate Chip,Canada,Vanilla,1,6,0,8320
831,Cassandra,Terry,172.17,Butter Pecan,France,Vanilla,1,6,0,12467
832,Cassandra,Crosby,165.39,Chocolate,Japan,Vanilla,0,5,0,15502
833,Jo,Fernandez,179.53,Mint Chocolate Chip,Norway,Vanilla,1,6,0,7373
834,Jeffrey,Peck,184.3,Chocolate,Brazil,Vanilla,1,6,0,9541
835,Ryan,Webster,189.21,Mint Chocolate Chip,Norway,Vanilla,1,6,0,8136
836,Greg,Compton,168.58,Chocolate,Canada,Vanilla,1,6,0,3113
837,Marie,Garza,171.11,Chocolate,Brazil,Vanilla,1,6,0,10210
838,Patricia,Franco,174.57,Chocolate,Norway,Vanilla,1,6,0,5939
839,Sabrina,Freeman,178.7,Chocolate,France,Vanilla,1,6,0,3780
840,April,Garza,181.33,Chocolate,Canada,Vanilla,0,6,0,6842
841,Richard,Sanchez,157.64,Mint Chocolate Chip,Japan,Vanilla,0,6,0,8537
842,Susan,Allen,157.84,Chocolate,Norway,Vanilla,0,6,0,8227
843,Scott,Johns,145.83,Rocky Road,Japan,Vanilla,0,6,0,5134
844,Roberto,Ramsey,180.99,Chocolate,Canada,Vanilla,0,6,0,11599
845,Monique,Malone,187.48,French Vanilla,Brazil,Vanilla,0,6,0,11740
846,Tamara,Scott,163.8,Mint Chocolate Chip,Brazil,Vanilla,0,5,0,4540
847,Virginia,Wilson,185.62,Chocolate,Brazil,Vanilla,1,6,0,3125
848,Jeffrey,Walters,184.19,Chocolate,France,Vanilla,0,6,0,11701
849,Ryan,Barnett,180.55,Mint Chocolate Chip,Japan,Vanilla,1,6,0,8796
850,Anna,Cruz,171.03,Chocolate,Japan,Vanilla,1,6,0,7954
851,Andre,Spencer,180.65,Mint Chocolate Chip,Canada,Vanilla,1,6,0,7420
852,Devin,Ballard,174.45,Chocolate,Japan,Vanilla,0,6,0,9468
853,Sergio,Price,169.9,Mint Chocolate Chip,Norway,Vanilla,1,6,0,8996
854,Susan,Morales,161.92,Chocolate,Germany,Vanilla,1,5,0,7230
855,Sean,Maldonado,171.91,Chocolate,Brazil,Vanilla,1,6,0,5028
856,Dylan,Barnett,178.26,Chocolate,Canada,Vanilla,1,6,0,8805
857,Gloria,Tanner,161.38,Chocolate,Brazil,Vanilla,1,6,0,11196
858,Virginia,Neal,173.12,Mint Chocolate Chip,Japan,Vanilla,1,6,0,10592
859,Morgan,Clarke,168.2,Chocolate,Norway,Vanilla,1,6,0,1490
860,Sheila,Rivas,171.75,French Vanilla,Norway,Vanilla,0,6,0,10225
861,Katie,Aguilar,161.23,Mint Chocolate Chip,Norway,Vanilla,1,6,0,7578
862,Jo,Scott,163.18,Rocky Road,Brazil,Vanilla,1,6,0,8230
863,Willie,Byrd,169.19,Mint Chocolate Chip,France,Vanilla,0,6,0,13294
864,Krystal,Franco,172.91,Chocolate,Norway,Vanilla,0,6,0,3118
865,Tamara,Miranda,144.39,Chocolate,Japan,Vanilla,1,6,0,11909
866,Daisy,Moore,180.47,Vanilla,France,Vanilla,1,6,0,9899
867,Pamela,Walker,156.03,Mint Chocolate Chip,Japan,Vanilla,1,5,0,7966
868,Jennifer,Valdez,186.94,Vanilla,Japan,Vanilla,1,5,0,8996
869,Danny,Sutton,172.62,Chocolate,Japan,Vanilla,0,6,0,9957
870,Danny,Sutton,170.07,Chocolate,Brazil,Vanilla,0,5,0,6971
871,Dwayne,Gamble,152.17,Chocolate,France,Vanilla,0,6,0,9976
872,Kendra,Wells,170.42,Chocolate,Brazil,Vanilla,1,6,0,3356
873,Alyssa,Neal,172.24,Chocolate,Brazil,Vanilla,1,6,0,3721
874,Ronald,Atkins,165.2,Mint Chocolate Chip,France,Strawberry,1,6,0,4988
875,Christine,Pham,153.91,Chocolate,Canada,Vanilla,1,6,0,10837
876,Mitchell,Atkins,169.43,Chocolate,Brazil,Vanilla,0,6,0,15914
877,Jason,Fisher,182.04,Chocolate,Canada,Vanilla,0,6,0,11474
878,Cassandra,Crosby,162.92,Rocky Road,Norway,Vanilla,1,5,0,14562
879,Glen,Fisher,168.65,Butter Pecan,France,Vanilla,0,6,0,1490
880,Andrea,Aguilar,175.58,Chocolate,Japan,Vanilla,1,6,0,8985
881,Amy,Harrell,176.46,Chocolate,Brazil,Strawberry,1,6,0,8912
882,Veronica,Bates,174.92,Vanilla,Germany,Vanilla,0,6,0,8937
883,Sabrina,Burgess,173.0,Butter Pecan,Japan,Vanilla,1,6,0,9957
884,Drew,Jacobs,175.26,Chocolate,Brazil,Vanilla,1,6,0,11425
885,Janet,Franco,150.28,Chocolate,Brazil,Vanilla,0,6,0,13109
886,Stanley,Reed,165.94,Chocolate,Norway,Vanilla,1,6,0,2931
887,Erika,Compton,165.39,Mint Chocolate Chip,Norway,Vanilla,1,5,0,9670
888,Shane,Moody,179.29,Chocolate,Japan,Vanilla,0,6,0,5232
889,Victor,Cummings,173.66,French Vanilla,France,Vanilla,1,5,0,10837
890,Leah,Barr,167.5,Chocolate,Canada,Vanilla,1,6,0,9847
891,Jo,Atkins,150.88,Chocolate,Canada,Vanilla,0,6,0,14126
892,Janet,Bernard,163.68,Butter Pecan,Japan,Vanilla,1,6,0,7339
893,Regina,Fisher,161.99,Chocolate,Norway,Vanilla,1,6,0,2324
894,Bonnie,Tanner,173.53,Vanilla,Brazil,Vanilla,1,6,0,8672
895,Drew,Francis,165.83,Chocolate,Norway,Vanilla,1,5,0,9620
896,Melinda,Atkins,180.41,Chocolate,France,Vanilla,1,5,0,10109
897,Marie,Mcguire,183.13,Mint Chocolate Chip,Canada,Vanilla,1,6,0,7517
898,Misty,Duffy,184.32,Chocolate,Brazil,Vanilla,1,6,0,10649
899,Carol,Vincent,156.03,Chocolate,Japan,Vanilla,1,6,0,6709
900,Erika,Park,183.1,French Vanilla,Norway,Vanilla,1,0,0,14426
901,Noah,Deleon,176.13,Mint Chocolate Chip,Norway,Vanilla,0,5,0,8972
902,Leslie,Dixon,158.78,Chocolate,Canada,Vanilla,1,6,0,7966
903,Jason,Medina,156.04,Vanilla,Brazil,Vanilla,0,6,0,11690
904,Richard,Schultz,165.63,Chocolate,Japan,Vanilla,1,5,0,6548
905,Stanley,Herring,164.18,Chocolate,Canada,Vanilla,1,6,0,12414
906,Caroline,Macias,161.38,Mint Chocolate Chip,Canada,Vanilla,1,6,0,8231
907,Chase,Wyatt,188.52,Chocolate,Japan,Vanilla,0,0,0,4372
908,Christine,Fleming,160.4,Chocolate,Germany,Vanilla,0,6,0,4250
909,Doris,Chapman,159.19,Neapolitan,Brazil,Vanilla,1,6,0,4119
910,Amber,Mcguire,174.94,Chocolate,Japan,Vanilla,1,5,0,8435
911,Collin,Vaughn,159.19,Chocolate,Canada,Strawberry,1,6,0,7606
912,Mitchell,Franco,172.74,Mint Chocolate Chip,Brazil,Vanilla,1,6,0,16062
913,Devon,Wilson,174.45,Chocolate,Canada,Vanilla,1,5,0,9087
914,Greg,Davidson,160.29,Chocolate,Norway,Vanilla,1,6,0,4641
915,Sabrina,Garza,164.87,Chocolate,Japan,Strawberry,0,6,0,8559
916,Sheila,Mcintyre,170.86,French Vanilla,Japan,Vanilla,1,6,0,11561
917,Anita,Galvan,175.66,Chocolate,Canada,Vanilla,1,6,0,6105
918,Leah,Klein,164.18,French Vanilla,Japan,Vanilla,1,6,0,1894
919,Jo,James,169.43,Chocolate,Canada,Vanilla,1,6,0,6052
920,Jeffrey,Goodman,163.42,Chocolate,Japan,Vanilla,0,6,0,7372
921,Dwayne,Barr,164.87,Chocolate,France,Vanilla,1,6,0,2812
922,Glen,Cruz,164.37,Chocolate,Brazil,Vanilla,1,5,0,11826
923,Dylan,Becker,157.64,Mint Chocolate Chip,Brazil,Vanilla,0,6,0,11549
924,Andre,Collins,155.44,Chocolate,Japan,Vanilla,0,6,0,11549
925,Marie,Fisher,166.94,Chocolate,Canada,Vanilla,0,6,0,5341
926,Ray,Atkins,169.61,Chocolate,Norway,Vanilla,1,5,0,4920
927,Jo,Vaughn,173.19,Chocolate,Japan,Vanilla,1,6,0,4988
928,Drew,Ibarra,178.75,Chocolate,Brazil,Vanilla,1,6,0,10860
929,Sabrina,Cummings,174.05,Chocolate,Brazil,Vanilla,1,6,0,10375
930,Collin,Neal,161.81,Chocolate,Japan,Vanilla,1,6,0,8731
931,Anna,Benson,158.86,Chocolate,France,Vanilla,1,0,0,8058
932,Amy,Klein,178.48,Mint Chocolate Chip,Japan,Vanilla,1,6,0,5504
933,Dylan,Mullins,162.89,Chocolate,Canada,Vanilla,1,6,0,6610
934,Joanna,Peterson,156.61,Mint Chocolate Chip,Canada,Vanilla,1,5,0,5969
935,Chase,Moon,143.96,Mint Chocolate Chip,Japan,Vanilla,0,6,0,10748
936,Vicki,Fritz,180.45,French Vanilla,Brazil,Vanilla,1,6,0,8672
937,Ray,Medina,167.21,Chocolate,Canada,Vanilla,1,6,0,8980
938,Derek,Cummings,178.77,Chocolate,Japan,Vanilla,1,0,0,7420
939,Marie,Cole,172.68,Neapolitan,Canada,Vanilla,0,6,0,10299
940,Ray,Vaughn,171.02,French Vanilla,Germany,Vanilla,0,6,0,10649
941,Carol,Schmitt,161.5,French Vanilla,Norway,Vanilla,1,6,0,9700
942,Jason,Moody,184.32,Chocolate,Japan,Vanilla,1,6,0,9906
943,Derek,Fritz,183.65,Mint Chocolate Chip,Japan,Vanilla,1,6,0,1490
944,Jimmy,Mcguire,178.71,Chocolate,Norway,Vanilla,1,6,0,6892
945,Norma,Craig,181.54,Chocolate,Brazil,Vanilla,1,6,0,7738
946,Sabrina,Weaver,164.73,Butter Pecan,Canada,Vanilla,0,6,0,6621
947,Dawn,Hart,159.4,Chocolate,Brazil,Vanilla,1,6,0,11599
948,Christine,Sanford,170.16,Chocolate,France,Vanilla,1,6,0,7230
949,Marc,York,163.54,Chocolate,Japan,Vanilla,1,5,0,8112
950,Noah,Allen,165.39,Chocolate,Canada,Vanilla,1,6,0,4988
951,Francisco,Burgess,160.97,Chocolate,France,Vanilla,0,6,0,6727
952,Jacqueline,Harrell,154.64,Chocolate,France,Vanilla,0,6,0,10613
953,Sean,French,178.71,Chocolate,Brazil,Vanilla,1,6,0,5743
954,Angela,Mendoza,169.02,Chocolate,Japan,Vanilla,1,6,0,11549
955,Amy,Kramer,164.4,Mint Chocolate Chip,Canada,Vanilla,0,6,0,8996
956,Trevor,Sutton,155.4,Chocolate,Norway,Vanilla,1,6,0,8290
957,Jerome,York,178.11,Chocolate,Canada,Vanilla,1,5,0,2189
958,Marie,Patrick,173.93,French Vanilla,Japan,Vanilla,0,6,0,8996
959,Devin,Chandler,172.74,Chocolate,Japan,Vanilla,0,6,0,11316
960,Courtney,Hart,164.33,Chocolate,Norway,Vanilla,0,6,0,11538
961,Heidi,Murillo,173.08,Mint Chocolate Chip,Canada,Vanilla,1,6,0,7714
962,Gabriela,Bradley,161.03,Chocolate,Canada,Vanilla,0,6,0,11575
963,Dylan,Roberts,161.88,Vanilla,Canada,Vanilla,1,6,0,9005
964,Kendra,Sanford,177.58,Chocolate,France,Vanilla,1,6,0,9177
965,Michaela,Russo,184.59,Chocolate,France,Vanilla,0,6,0,10280
966,Sergio,Chase,161.38,Butter Pecan,Japan,Vanilla,0,5,0,15914
967,Leslie,Francis,154.92,Mint Chocolate Chip,Japan,Vanilla,1,5,0,4471
968,Roberto,Hart,175.66,Chocolate,Canada,Vanilla,0,6,0,11501
969,Janet,Dickson,165.39,Chocolate,Brazil,Vanilla,1,6,0,11503
970,Adam,Potter,163.64,Mint Chocolate Chip,Canada,Vanilla,0,6,0,10684
971,Tara,Moon,177.92,Chocolate,Norway,Vanilla,1,6,0,4540
972,Gloria,Hart,157.64,Mint Chocolate Chip,Japan,Vanilla,1,6,0,6536
973,Cassandra,Mullins,171.02,Chocolate,Japan,Vanilla,1,6,0,11572
974,Kristin,Holt,155.4,Mint Chocolate Chip,Canada,Vanilla,1,6,0,11040
975,Jason,Mcintyre,145.88,Chocolate,Japan,Vanilla,0,6,0,11503
976,Teresa,Kerr,171.02,Chocolate,Norway,Vanilla,1,6,0,11599
977,Jo,Dickson,161.92,Chocolate,Brazil,Vanilla,1,5,0,8819
978,Monique,Fuller,163.64,Chocolate,Norway,Vanilla,1,6,0,1944
979,Jamie,Kramer,174.05,Chocolate,Norway,Vanilla,0,5,0,10210
980,Cassandra,Cummings,179.47,Chocolate,Brazil,Vanilla,1,5,0,11316
981,Angie,Goodman,181.68,Chocolate,Japan,Vanilla,1,5,0,2812
982,Susan,Spence,176.64,Chocolate,Norway,Vanilla,1,6,0,7673
983,Jason,Spencer,162.97,French Vanilla,Canada,Vanilla,1,6,0,4602
984,Heidi,Moody,170.99,Mint Chocolate Chip,Norway,Vanilla,1,6,0,4540
985,Morgan,Weaver,169.94,Chocolate,Brazil,Vanilla,1,6,0,9519
986,Tracey,Garcia,172.82,Chocolate,France,Strawberry,1,6,0,7404
987,Jacqueline,Richards,187.48,Mint Chocolate Chip,Canada,Vanilla,1,6,0,4134
988,Logan,Wilson,173.67,Chocolate,Japan,Vanilla,1,5,0,5006
989,Jillian,Moon,175.26,Chocolate,Japan,Vanilla,1,6,0,11826
990,Anna,Mcintyre,180.41,Chocolate,Brazil,Vanilla,1,5,0,13294
991,Ronnie,Lane,179.01,Chocolate,Brazil,Vanilla,0,6,0,15454
992,Garrett,Yoder,159.33,Chocolate,Brazil,Vanilla,1,5,0,8543
993,Margaret,Bates,173.75,Mint Chocolate Chip,Brazil,Vanilla,1,5,0,7084
994,Martin,Sloan,202.19,Chocolate,Norway,Vanilla,0,6,0,12484
995,Summer,Mills,174.29,Chocolate,Canada,Vanilla,0,6,0,13845
996,Bill,Fisher,178.85,Mint Chocolate Chip,Canada,Vanilla,1,6,0,8503
997,Briana,Fernandez,169.19,Chocolate,Japan,Vanilla,1,5,0,11431
998,April,Burgess,170.42,Butter Pecan,Norway,Vanilla,1,6,0,7673
999,Gabriela,Huff,164.33,Mint Chocolate Chip,Norway,Vanilla,0,5,0,9253
1000,Mitchell,Snyder,158.93,Chocolate,Japan,Vanilla,1,5,0,8074
1001,Ana,Walker,156.61,Chocolate,Brazil,Vanilla,1,6,0,8320
1002,Jeffrey,Blanchard,170.2,French Vanilla,Norway,Vanilla,1,5,0,8564
1003,Sonya,Medina,170.16,French Vanilla,Brazil,Vanilla,1,6,0,12676
1004,Daniel,Hawkins,165.37,Chocolate,Japan,Strawberry,1,6,0,9650
1005,Shawn,Blair,189.37,Butter Pecan,France,Vanilla,1,6,0,4868
1006,Shane,Myers,153.92,Chocolate,Brazil,Vanilla,0,5,0,8140
1007,Shane,Sanchez,172.68,Chocolate,Canada,Vanilla,1,6,0,11248
1008,Kendra,Buckley,177.25,Chocolate,Japan,Vanilla,0,6,0,11431
1009,Logan,Walker,164.01,Rocky Road,Germany,Vanilla,1,6,0,7575
1010,Anna,Franco,171.11,Chocolate,Canada,Vanilla,0,6,0,11252
1011,Vicki,Byrd,158.81,Butter Pecan,France,Vanilla,0,5,0,1944
1012,Javier,Lowe,166.28,Chocolate,Japan,Vanilla,1,6,0,6935
1013,Jermaine,Moody,177.22,Chocolate,Japan,Vanilla,0,0,0,4471
1014,Allison,Wheeler,167.65,Chocolate,Germany,Vanilla,1,6,0,4265
1015,Caroline,Price,171.55,Chocolate,Brazil,Vanilla,1,5,0,1779
1016,Ray,Nguyen,171.85,Chocolate,Japan,Vanilla,0,6,0,4586
1017,Susan,Murillo,161.69,Chocolate,Germany,Vanilla,1,6,0,11538
1018,Angelica,Deleon,160.28,Chocolate,Brazil,Vanilla,1,5,0,3564
1019,Kurt,Richards,182.29,Vanilla,Brazil,Vanilla,1,6,0,7595
1020,Leslie,Frazier,171.55,Chocolate,Japan,Vanilla,1,6,0,11690
1021,Amy,Richards,184.3,Chocolate,France,Vanilla,0,6,0,14531
1022,Chase,Stuart,163.64,Chocolate,Canada,Vanilla,1,6,0,5046
1023,Victoria,Compton,161.5,Mint Chocolate Chip,Brazil,Vanilla,1,6,0,12484
1024,Miguel,Schmitt,164.01,Chocolate,Brazil,Vanilla,1,6,0,4333
1025,Jason,Cummings,163.54,Chocolate,Brazil,Vanilla,0,6,0,7124
1026,Jo,Houston,165.37,Mint Chocolate Chip,Canada,Vanilla,1,6,0,8996
1027,Shane,Byrd,172.8,Mint Chocolate Chip,Brazil,Vanilla,1,6,0,7084
1028,Chase,Sherman,173.32,Chocolate,Brazil,Vanilla,1,6,0,11348
1029,Pamela,Figueroa,168.68,Butter Pecan,Brazil,Vanilla,1,6,0,6892
1030,Andre,Bates,157.19,Butter Pecan,Canada,Vanilla,1,6,0,4372
1031,Anita,Bates,145.83,Mint Chocolate Chip,Canada,Vanilla,0,6,0,7796
1032,Martha,Hampton,161.38,Chocolate,Germany,Vanilla,1,6,0,8227
1033,Cheyenne,Whitaker,185.33,Chocolate,Japan,Strawberry,1,6,0,15914
1034,Ana,Mendoza,177.2,Mint Chocolate Chip,Canada,Vanilla,1,6,0,7358
1035,Jo,Rivas,165.44,Chocolate,Brazil,Vanilla,1,6,0,11196
1036,Anna,Roberts,171.11,Mint Chocolate Chip,Germany,Vanilla,0,6,0,10684
1037,Virginia,Cummings,167.66,French Vanilla,France,Vanilla,1,6,0,3306
1038,Dwayne,Hampton,157.89,Chocolate,Canada,Vanilla,0,6,0,6142
1039,Ryan,Sanchez,166.9,Rocky Road,France,Vanilla,1,6,0,3285
1040,Misty,Bowman,164.14,Chocolate,Germany,Vanilla,1,6,0,10277
1041,Janet,Goodman,166.9,Rocky Road,Canada,Strawberry,1,6,0,11316
1042,Anna,Cruz,157.64,Mint Chocolate Chip,Canada,Vanilla,1,5,0,1607
1043,Amber,Washington,184.3,Chocolate,Norway,Vanilla,1,5,0,6392
1044,Devin,Benson,189.37,Chocolate,Norway,Vanilla,0,6,0,2806
1045,Sean,Cochran,158.78,French Vanilla,Japan,Strawberry,1,6,0,10961
1046,Richard,Garcia,167.04,Chocolate,Canada,Strawberry,0,6,0,12357
1047,Javier,Bowman,157.89,Butter Pecan,Japan,Vanilla,0,6,0,11518
1048,Barry,Mullins,169.94,Chocolate,Japan,Strawberry,1,6,0,3709
1049,Jo,Berger,187.85,Chocolate,Japan,Vanilla,1,6,0,8590
1050,Noah,Huang,163.91,Chocolate,Brazil,Vanilla,1,6,0,12484
1051,Sylvia,Mendoza,167.74,Mint Chocolate Chip,Japan,Vanilla,0,6,0,11160
1052,Andre,Richards,169.56,Chocolate,Canada,Vanilla,1,6,0,11503
1053,Molly,Walker,173.38,Chocolate,Canada,Vanilla,0,6,0,6395
1054,Jason,Houston,157.64,Chocolate,Japan,Vanilla,1,5,0,4134
1055,Nicholas,Chase,160.29,Chocolate,Brazil,Vanilla,0,6,0,4602
1056,Tyler,Bruce,165.33,Chocolate,Brazil,Vanilla,1,5,0,1091
1057,Tracy,Cummings,166.28,Vanilla,Brazil,Vanilla,0,6,0,9519
1058,Matthew,Garcia,161.92,French Vanilla,Brazil,Vanilla,0,6,0,8837
1059,Katie,Mcdonald,170.86,Chocolate,Norway,Vanilla,1,6,0,8894
1060,Janet,Crosby,173.67,Chocolate,Brazil,Vanilla,1,6,0,8685
1061,Cassandra,Schmitt,175.37,Vanilla,France,Vanilla,1,6,0,12429
1062,Taylor,Hawkins,164.5,Vanilla,Canada,Vanilla,0,6,0,11586
1063,Larry,Allen,171.75,French Vanilla,Canada,Vanilla,1,6,0,9813
1064,Shane,Allen,166.16,Mint Chocolate Chip,Canada,Vanilla,0,6,0,8948
1065,Bill,Ortega,180.45,Chocolate,Norway,Vanilla,1,6,0,8227
1066,George,Hart,166.28,Vanilla,Japan,Vanilla,1,6,0,7796
1067,Beth,Walker,178.77,Chocolate,Japan,Vanilla,0,5,0,5627
1068,Erica,Wells,166.9,Butter Pecan,Germany,Vanilla,1,6,0,5354
1069,Courtney,Lara,166.9,Mint Chocolate Chip,Norway,Vanilla,1,6,0,12325
1070,Susan,Whitaker,159.52,Chocolate,Norway,Vanilla,1,6,0,7694
1071,Tamara,Osborn,161.81,Chocolate,France,Vanilla,1,6,0,6658
1072,Mitchell,Griffin,159.12,Chocolate,Japan,Vanilla,0,6,0,6667
1073,Bill,Blanchard,145.04,French Vanilla,Canada,Vanilla,1,5,0,12426
1074,Jimmy,Mathis,180.99,Chocolate,Canada,Vanilla,1,6,0,11599
1075,Derek,Schultz,169.84,Chocolate,France,Vanilla,0,5,0,8074
1076,Summer,Moon,169.19,Chocolate,France,Vanilla,0,6,0,7599
1077,Derek,Henry,179.01,Vanilla,Canada,Vanilla,0,6,0,10202
1078,Cassandra,Fritz,168.11,Mint Chocolate Chip,Canada,Vanilla,1,6,0,8231
1079,Jonathan,Crosby,163.87,Chocolate,France,Vanilla,1,6,0,7966
1080,Christopher,Lowe,171.02,Mint Chocolate Chip,Japan,Vanilla,0,6,0,8230
1081,Carol,Davidson,168.58,Mint Chocolate Chip,Canada,Vanilla,1,6,0,8805
1082,Peter,Sanford,157.89,Mint Chocolate Chip,Japan,Vanilla,1,6,0,10279
1083,Jo,Fuller,180.99,Chocolate,Brazil,Vanilla,0,6,0,12325
1084,Tony,Marsh,160.28,Mint Chocolate Chip,Japan,Vanilla,1,6,0,6971
1085,Katie,Bates,167.5,Vanilla,Japan,Vanilla,0,6,0,9616
1086,Jo,Stuart,166.28,Chocolate,Norway,Strawberry,1,6,0,3564
1087,Courtney,Moody,171.62,Chocolate,Canada,Vanilla,0,6,0,9957
1088,Tyler,Glenn,177.58,Chocolate,Brazil,Vanilla,1,6,0,10304
1089,Jo,Lowe,167.21,Neapolitan,Canada,Strawberry,1,6,0,12325
1090,Sabrina,Neal,155.34,Chocolate,Canada,Vanilla,1,6,0,6397
1091,Austin,Atkins,178.42,Mint Chocolate Chip,France,Vanilla,1,6,0,10411
1092,Lauren,Fritz,168.11,Mint Chocolate Chip,Brazil,Strawberry,1,5,0,7230
1093,Mallory,Garza,157.89,Chocolate,Brazil,Vanilla,0,6,0,1020
1094,Stanley,Hart,161.38,Chocolate,Norway,Vanilla,1,5,0,6240
1095,Jeffrey,Huff,183.78,Vanilla,Japan,Vanilla,1,6,0,4988
1096,Leslie,Walker,169.95,Neapolitan,Japan,Vanilla,0,5,0,9650
1097,Stanley,Fisher,173.38,Chocolate,Germany,Vanilla,0,5,0,4602
1098,Cassandra,Pham,156.04,Chocolate,Canada,Vanilla,1,6,0,6997
1099,Richard,Campbell,157.89,Mint Chocolate Chip,Brazil,Vanilla,1,6,0,3970
1100,Christine,Goodman,178.7,Chocolate,France,Vanilla,1,6,0,14172
1101,Dylan,House,155.4,Chocolate,Japan,Vanilla,1,6,0,8543
1102,Dwayne,Garza,170.99,Mint Chocolate Chip,Germany,Vanilla,1,6,0,8076
1103,Jimmy,Vaughn,173.31,Vanilla,Germany,Strawberry,0,5,0,12426
1104,Courtney,Mullins,160.99,Chocolate,Canada,Strawberry,0,6,0,11561
1105,Jillian,Haas,175.57,Chocolate,Brazil,Vanilla,0,6,0,6379
1106,Jo,Lawrence,183.78,Chocolate,Japan,Vanilla,1,5,0,6397
1107,Andrea,Price,161.81,Mint Chocolate Chip,Canada,Vanilla,1,5,0,9906
1108,Leslie,Valdez,178.77,Mint Chocolate Chip,Canada,Vanilla,1,6,0,15933
1109,Andrea,Spencer,155.34,Chocolate,Canada,Vanilla,1,6,0,11572
1110,Sergio,Bernard,160.4,Chocolate,Japan,Vanilla,0,6,0,9957
1111,Amy,Stuart,161.38,Chocolate,Canada,Vanilla,1,6,0,8040
1112,Heidi,Wells,166.9,Mint Chocolate Chip,Brazil,Vanilla,0,6,0,8894
1113,Danny,Stuart,173.38,French Vanilla,Germany,Vanilla,0,5,0,10857
1114,Vincent,Franco,156.04,Mint Chocolate Chip,Japan,Vanilla,1,5,0,8638
1115,David,Gibson,175.58,Chocolate,France,Vanilla,0,6,0,9504
1116,Tamara,Rivas,155.4,Chocolate,Norway,Vanilla,1,6,0,8672
1117,Jonathan,Becker,171.33,Butter Pecan,Canada,Vanilla,0,6,0,11316
1118,Summer,Berry,170.86,Chocolate,Norway,Vanilla,1,6,0,10592
1119,Misty,Spence,179.47,French Vanilla,Japan,Vanilla,0,5,0,6421
1120,Sylvia,Spence,184.3,Mint Chocolate Chip,Canada,Vanilla,1,6,0,4602
1121,Bruce,Ramsey,164.87,Mint Chocolate Chip,Japan,Vanilla,0,6,0,4369
1122,Tina,Burgess,175.26,Vanilla,Japan,Vanilla,0,5,0,10109
1123,Jason,Sanders,161.3,Butter Pecan,France,Vanilla,1,6,0,8227
1124,Christopher,James,178.84,Mint Chocolate Chip,Brazil,Vanilla,1,6,0,8346
1125,Cassandra,Rhodes,173.74,Chocolate,Japan,Vanilla,1,6,0,11572
1126,Cassandra,Mendoza,162.59,Mint Chocolate Chip,Canada,Strawberry,1,5,0,8564
1127,Marc,Acevedo,156.61,Chocolate,Brazil,Vanilla,1,5,0,7929
1128,Tamara,Park,174.29,Chocolate,Canada,Vanilla,1,6,0,15914
1129,Misty,Moody,182.13,Vanilla,Brazil,Vanilla,1,6,0,9994
1130,Jermaine,Rogers,179.54,Chocolate,Norway,Vanilla,0,5,0,9847
1131,Dylan,Joseph,178.84,Vanilla,France,Vanilla,0,6,0,2198
1132,Tyler,Mercado,166.9,Vanilla,Canada,Vanilla,0,5,0,6535
1133,Jesus,Allen,163.87,Neapolitan,Japan,Vanilla,1,6,0,3128
1134,Cassandra,Bowman,178.77,Chocolate,France,Vanilla,1,5,0,12429
1135,Dwayne,Hart,164.37,Chocolate,France,Vanilla,0,5,0,7966
1136,Austin,Clayton,155.44,Mint Chocolate Chip,France,Vanilla,1,6,0,6727
1137,Janet,Sutton,145.83,Chocolate,Brazil,Vanilla,1,6,0,9265
1138,Veronica,Sherman,183.47,French Vanilla,Japan,Vanilla,1,6,0,11975
1139,Gloria,Mendoza,170.42,Chocolate,France,Vanilla,1,5,0,6880
1140,Leah,Mcfarland,183.47,Chocolate,France,Vanilla,1,6,0,11538
1141,Sylvia,Kelley,171.02,Mint Chocolate Chip,France,Vanilla,1,6,0,3938
1142,Anita,Johns,183.17,Neapolitan,France,Vanilla,1,6,0,10462
1143,Devon,Meadows,170.86,Chocolate,Canada,Vanilla,1,6,0,10842
1144,Devin,Barnett,159.18,Mint Chocolate Chip,Canada,Vanilla,0,6,0,8108
1145,Caleb,Ramsey,178.66,Chocolate,Germany,Vanilla,0,5,0,12014
1146,Bruce,Fritz,170.94,Chocolate,Japan,Vanilla,0,5,0,9519
1147,Anna,Willis,172.62,Butter Pecan,Canada,Vanilla,1,6,0,11933
1148,Scott,Davidson,187.63,Chocolate,Norway,Vanilla,0,6,0,7055
1149,Tony,Wilson,165.36,Chocolate,Canada,Vanilla,1,6,0,8227
1150,Seth,Craig,145.83,Chocolate,Brazil,Vanilla,1,5,0,1944
1151,Andrea,Anderson,185.59,French Vanilla,Canada,Vanilla,1,6,0,9906
1152,Ronnie,Miranda,152.17,Neapolitan,Canada,Vanilla,1,6,0,5719
1153,Collin,Atkins,173.74,Chocolate,Japan,Vanilla,0,6,0,9255
1154,Cory,Gamble,167.65,Vanilla,Brazil,Vanilla,1,0,0,9541
1155,Dana,Nguyen,152.48,Chocolate,Brazil,Vanilla,1,6,0,9650
1156,Martin,Deleon,175.45,Chocolate,Canada,Vanilla,1,6,0,4602
1157,Shaun,Benson,174.58,Mint Chocolate Chip,Germany,Vanilla,0,6,0,12426
1158,Susan,House,161.15,Mint Chocolate Chip,Canada,Vanilla,1,5,0,12221
1159,Joshua,Morales,175.26,Mint Chocolate Chip,Norway,Strawberry,1,6,0,2885
1160,Erin,Fuller,172.81,Chocolate,Brazil,Vanilla,1,6,0,7796
1161,Dennis,Oconnell,179.09,Chocolate,France,Vanilla,0,6,0,3462
1162,Leslie,Roberts,165.79,Chocolate,Canada,Vanilla,1,5,0,4119
1163,Angela,Wilson,170.58,Butter Pecan,Brazil,Vanilla,1,5,0,5537
1164,Logan,Mcgrath,157.64,Butter Pecan,Brazil,Vanilla,0,6,0,5743
1165,Cassandra,Lambert,160.56,Chocolate,Norway,Vanilla,1,6,0,8046
1166,Norma,Harrell,165.02,Chocolate,Japan,Vanilla,1,6,0,11586
1167,Marie,Padilla,151.24,Chocolate,Brazil,Vanilla,1,6,0,5782
1168,Collin,Rivas,158.65,Chocolate,Japan,Vanilla,1,6,0,8973
1169,Michaela,Benjamin,172.8,Chocolate,Japan,Vanilla,1,6,0,10700
1170,Alexandra,York,168.9,Chocolate,Brazil,Vanilla,1,6,0,5504
1171,Bonnie,Potter,147.35,Chocolate,Brazil,Vanilla,0,6,0,8180
1172,Summer,Wyatt,176.46,Chocolate,Japan,Vanilla,0,6,0,10684
1173,Jo,Mejia,172.87,Butter Pecan,Japan,Vanilla,1,6,0,6281
1174,Cassandra,Ibarra,160.78,Chocolate,Canada,Vanilla,0,6,0,5023
1175,Amber,Kirk,161.88,French Vanilla,Brazil,Vanilla,1,6,0,10488
1176,Ray,Neal,159.57,Chocolate,Norway,Vanilla,1,6,0,4690
1177,Tamara,Mullins,177.2,Mint Chocolate Chip,Brazil,Vanilla,0,6,0,10448
1178,Caroline,Crosby,166.94,Chocolate,Norway,Vanilla,1,5,0,6540
1179,Dana,Bowman,173.91,Chocolate,Japan,Vanilla,1,6,0,9205
1180,Vincent,Cummings,169.49,Butter Pecan,Norway,Vanilla,0,6,0,10202
1181,Patricia,Franco,170.12,Butter Pecan,Canada,Vanilla,0,6,0,10961
1182,Chase,Davidson,153.35,Chocolate,France,Vanilla,1,6,0,12325
1183,Regina,Snyder,175.26,Neapolitan,France,Vanilla,0,6,0,10613
1184,Peggy,Fernandez,172.74,Chocolate,Canada,Vanilla,1,6,0,3215
1185,Kendra,Chambers,176.13,Mint Chocolate Chip,Japan,Vanilla,1,6,0,5758
1186,Jo,Lane,161.25,French Vanilla,Brazil,Vanilla,1,6,0,4372
1187,Peggy,Blanchard,171.59,Chocolate,Brazil,Vanilla,1,6,0,11425
1188,Ryan,Hoffman,166.79,Chocolate,Brazil,Vanilla,1,6,0,13109
1189,Brandy,Blair,179.81,Mint Chocolate Chip,Norway,Vanilla,1,5,0,8435
1190,Doris,Carlson,185.33,Chocolate,Norway,Vanilla,1,5,0,3970
1191,Ryan,Boyd,168.11,Chocolate,Norway,Vanilla,0,5,0,7599
1192,Courtney,Turner,159.18,Mint Chocolate Chip,Brazil,Strawberry,0,5,0,12077
1193,Ray,Hansen,178.24,Rocky Road,Canada,Vanilla,1,6,0,6397
1194,Gabriel,Fernandez,178.26,Chocolate,Canada,Vanilla,1,6,0,3401
1195,Tyler,Ballard,182.19,Vanilla,Canada,Strawberry,1,6,0,8231
1196,Allison,Moon,156.61,Chocolate,France,Strawberry,1,6,0,8912
1197,Collin,Butler,170.13,French Vanilla,Canada,Vanilla,1,6,0,9244
1198,Vanessa,Haas,179.09,Chocolate,France,Vanilla,1,5,0,5023
1199,Larry,Moody,188.32,Rocky Road,Japan,Vanilla,1,6,0,9706
1200,Cassandra,Mendoza,183.17,Chocolate,Norway,Vanilla,0,5,0,3564
1201,Megan,Fleming,180.45,Chocolate,Canada,Vanilla,0,6,0,8058
1202,Adam,Hampton,182.19,French Vanilla,France,Vanilla,1,6,0,3261
1203,Amy,Hart,164.72,Mint Chocolate Chip,Japan,Vanilla,1,6,0,8253
1204,Jamie,May,164.96,Chocolate,Norway,Vanilla,0,6,0,7055
1205,Dwayne,Craig,184.3,Mint Chocolate Chip,Norway,Vanilla,1,6,0,8076
1206,Jillian,Atkins,170.42,Mint Chocolate Chip,Brazil,Vanilla,1,6,0,5805
1207,Greg,Cisneros,154.92,Chocolate,Japan,Vanilla,1,6,0,11909
1208,Jo,Johns,160.4,Chocolate,Brazil,Vanilla,0,6,0,7428
1209,Jillian,Mathis,169.56,Chocolate,Canada,Vanilla,0,6,0,2198
1210,Ronald,Mcgrath,162.52,Chocolate,Japan,Vanilla,1,6,0,10986
1211,Jason,Fernandez,185.31,Mint Chocolate Chip,Brazil,Vanilla,0,6,0,6901
1212,Cassandra,Mcintyre,173.74,Chocolate,Japan,Vanilla,0,6,0,9458
1213,Mitchell,Whitaker,166.27,Chocolate,Brazil,Strawberry,0,6,0,6774
1214,Juan,Spencer,168.58,Chocolate,Canada,Vanilla,1,6,0,8227
1215,Shirley,Howell,168.42,Butter Pecan,Japan,Vanilla,1,6,0,12484
1216,Tammie,Rhodes,171.75,Chocolate,Norway,Vanilla,1,6,0,8996
1217,Noah,Deleon,171.02,Chocolate,France,Vanilla,0,6,0,3780
1218,Stanley,Park,174.71,Chocolate,Germany,Vanilla,1,6,0,11587
1219,Jeffrey,Mullins,169.19,Chocolate,Canada,Vanilla,0,6,0,13996
1220,Misty,Sanford,162.21,Chocolate,Brazil,Vanilla,0,6,0,5053
1221,Daniel,Chandler,162.52,Vanilla,Norway,Vanilla,0,5,0,8873
1222,Sean,Griffin,174.57,Chocolate,Japan,Vanilla,1,6,0,12676
1223,Trevor,Dickson,166.79,Chocolate,Canada,Vanilla,1,0,0,6658
1224,Noah,Fleming,145.88,Chocolate,Canada,Vanilla,1,6,0,4641
1225,Jennifer,Pacheco,184.19,Chocolate,Japan,Vanilla,1,6,0,5627
1226,Angelica,Hart,157.64,Chocolate,Canada,Vanilla,1,6,0,3564
1227,Mitchell,Schmitt,173.13,French Vanilla,Canada,Vanilla,0,6,0,3938
1228,Andre,Craig,173.31,Chocolate,France,Vanilla,0,6,0,11481
1229,Michaela,Hart,177.06,French Vanilla,Norway,Vanilla,0,6,0,10270
1230,Bill,Terry,183.4,Chocolate,Canada,Vanilla,1,6,0,6142
1231,Vincent,Sutton,173.84,Chocolate,France,Vanilla,1,5,0,9087
1232,Sabrina,Whitaker,161.81,Mint Chocolate Chip,Norway,Strawberry,0,6,0,6385
1233,Jacqueline,Aguilar,182.7,Chocolate,Brazil,Vanilla,1,6,0,9716
1234,Seth,Chandler,165.63,Mint Chocolate Chip,Brazil,Vanilla,0,6,0,6301
1235,Jerome,Fleming,179.53,Vanilla,Norway,Vanilla,0,6,0,4300
1236,Cassandra,Chapman,172.91,Butter Pecan,Canada,Vanilla,1,5,0,6395
1237,Jo,Spence,173.74,Mint Chocolate Chip,Japan,Vanilla,1,6,0,5460
1238,Anna,Stafford,157.19,Vanilla,Norway,Vanilla,1,6,0,3861
1239,Hailey,Pham,165.94,Chocolate,Japan,Vanilla,0,6,0,7673
1240,Summer,Benson,179.53,Chocolate,Norway,Vanilla,0,5,0,6658
1241,Chase,Tanner,178.42,Chocolate,Brazil,Vanilla,1,6,0,10649
1242,Kurt,Barnett,157.89,Chocolate,Norway,Vanilla,1,6,0,11316
1243,Javier,Johns,167.04,Chocolate,Norway,Vanilla,0,5,0,12325
1244,Jeffrey,Jackson,173.21,Mint Chocolate Chip,Japan,Vanilla,0,6,0,6536
1245,Larry,Rivas,182.29,Chocolate,Norway,Vanilla,1,6,0,11572
1246,Bonnie,Oconnell,170.95,Chocolate,Canada,Vanilla,0,6,0,7055
1247,Tracey,Cobb,194.37,Vanilla,Brazil,Vanilla,1,6,0,8227
1248,Austin,Reed,166.28,Chocolate,France,Vanilla,0,5,0,10001
1249,Pamela,Kim,168.83,Butter Pecan,Norway,Vanilla,1,6,0,5743
1250,Matthew,Burgess,174.1,Chocolate,Germany,Vanilla,1,6,0,10411
1251,Cassandra,Wells,155.44,Chocolate,Canada,Vanilla,1,6,0,15502
1252,Sylvia,Jacobs,164.87,Vanilla,Japan,Vanilla,1,6,0,7084
1253,Cassie,Mills,156.07,Vanilla,Japan,Vanilla,1,6,0,8567
1254,Donald,Goodman,156.61,Chocolate,Brazil,Vanilla,1,5,0,9906
1255,Victor,Aguilar,168.44,Mint Chocolate Chip,Norway,Vanilla,1,6,0,9644
1256,Sabrina,Walker,161.63,Mint Chocolate Chip,Canada,Vanilla,1,6,0,4602
1257,Javier,Jacobs,166.28,Mint Chocolate Chip,Canada,Vanilla,1,6,0,11909
1258,Erika,Berry,169.19,Mint Chocolate Chip,Japan,Vanilla,0,6,0,15454
1259,Adam,Burgess,174.92,Chocolate,Japan,Vanilla,0,6,0,7578
1260,Martin,Humphrey,162.33,Chocolate,Canada,Vanilla,1,5,0,10462
1261,Carol,Park,171.17,Chocolate,Canada,Vanilla,0,6,0,12414
1262,Melinda,Carlson,166.94,Butter Pecan,Brazil,Vanilla,0,6,0,4920
1263,Jo,Yang,187.48,Chocolate,France,Strawberry,1,0,0,10584
1264,Tyler,Sawyer,169.61,Chocolate,France,Vanilla,0,6,0,5537
1265,Patricia,Benson,173.47,Chocolate,Brazil,Vanilla,1,6,0,4030
1266,Janet,Burgess,167.57,Chocolate,Japan,Vanilla,0,6,0,8215
1267,Ray,Bowman,167.5,Chocolate,Brazil,Vanilla,1,6,0,14492
1268,Krystal,Montgomery,167.57,Butter Pecan,Norway,Vanilla,1,6,0,4479
1269,Dylan,Kim,183.78,Chocolate,Japan,Vanilla,0,6,0,4115
1270,Krystal,Blanchard,169.49,French Vanilla,Canada,Strawberry,1,6,0,4920
1271,Garrett,Spencer,156.3,Chocolate,Germany,Vanilla,0,6,0,5798
1272,Timothy,Wells,174.05,Rocky Road,Japan,Vanilla,1,5,0,10270
1273,Doris,Greer,155.4,Chocolate,Brazil,Vanilla,1,6,0,5504
1274,Courtney,Lambert,170.99,Chocolate,Canada,Vanilla,0,5,0,9753
1275,Trevor,Spence,145.83,Butter Pecan,Brazil,Vanilla,1,5,0,8074
1276,Sabrina,Bowman,160.4,Chocolate,France,Vanilla,1,6,0,10270
1277,Wendy,Walker,169.13,Chocolate,Brazil,Vanilla,1,6,0,8731
1278,Shirley,Harrell,161.88,Vanilla,Brazil,Vanilla,0,6,0,7084
1279,Misty,Franco,157.57,Chocolate,Brazil,Vanilla,0,6,0,8837
1280,Jeffrey,Johns,183.1,Chocolate,Norway,Vanilla,0,6,0,10488
1281,Chase,Mullins,152.17,Chocolate,Norway,Vanilla,1,5,0,10202
1282,Glen,Clark,165.94,Chocolate,Japan,Strawberry,1,6,0,9847
1283,Briana,Patrick,155.4,Chocolate,Brazil,Vanilla,1,5,0,9458
1284,Heidi,Padilla,155.34,Vanilla,Brazil,Vanilla,1,6,0,3285
1285,Bonnie,Hensley,194.54,Chocolate,Japan,Vanilla,0,6,0,9616
1286,Bradley,Oliver,168.58,Chocolate,Japan,Vanilla,0,6,0,9541
1287,Jason,Parsons,174.55,Chocolate,Japan,Vanilla,0,6,0,11538
1288,Regina,Blanchard,180.66,Mint Chocolate Chip,Japan,Vanilla,0,6,0,11503
1289,Heidi,Rogers,145.83,Chocolate,France,Vanilla,0,6,0,16062
1290,Tamara,Hobbs,157.89,Chocolate,France,Vanilla,0,6,0,7777
1291,Timothy,Vincent,170.86,Chocolate,Norway,Strawberry,1,5,0,12954
1292,Javier,Stafford,175.44,Chocolate,Brazil,Vanilla,1,5,0,12325
1293,Austin,York,152.17,Rocky Road,France,Vanilla,0,5,0,9670
1294,Devin,Porter,178.34,Chocolate,Brazil,Vanilla,0,5,0,3128
1295,Heidi,Huynh,168.42,Mint Chocolate Chip,Japan,Vanilla,1,5,0,12484
1296,Logan,Neal,184.57,French Vanilla,France,Vanilla,1,5,0,5354
1297,Jason,Sutton,182.78,French Vanilla,Japan,Vanilla,1,5,0,4920
1298,Hailey,Henry,177.22,Chocolate,Canada,Vanilla,1,6,0,6536
1299,Caroline,Wells,164.74,Chocolate,France,Vanilla,1,5,0,7124
1300,Gloria,Cummings,174.41,Chocolate,Japan,Vanilla,1,6,0,12557
1301,Amy,Hensley,145.88,Butter Pecan,Brazil,Vanilla,1,6,0,4765
1302,Teresa,Grant,173.38,French Vanilla,Japan,Vanilla,1,6,0,7084
1303,Ana,Garza,187.48,Mint Chocolate Chip,Canada,Vanilla,1,6,0,10109
1304,Angelica,Wilson,168.41,Chocolate,Germany,Vanilla,0,0,0,9205
1305,Vincent,Davidson,182.19,Chocolate,Canada,Vanilla,0,6,0,8985
1306,Doris,Porter,157.89,Chocolate,Japan,Vanilla,0,6,0,3938
1307,Adam,Oconnell,154.2,Mint Chocolate Chip,Japan,Vanilla,1,5,0,8959
1308,Greg,Herring,174.1,Chocolate,Brazil,Vanilla,1,6,0,4765
1309,Sabrina,Cannon,163.87,Mint Chocolate Chip,France,Vanilla,0,6,0,8731
1310,Caroline,Bates,172.68,Neapolitan,Canada,Vanilla,1,6,0,11840
1311,Victoria,Arnold,167.21,Chocolate,Norway,Vanilla,1,5,0,6658
1312,Angie,Craig,180.44,Chocolate,Japan,Vanilla,1,5,0,11503
1313,Derek,Hawkins,167.74,Chocolate,Canada,Vanilla,1,6,0,10573
1314,Janet,Sutton,165.63,Chocolate,Brazil,Vanilla,1,6,0,6880
1315,Devon,Boyd,172.68,Chocolate,Japan,Vanilla,1,6,0,7673
1316,Lindsay,Becker,170.85,Chocolate,Norway,Strawberry,1,6,0,5393
1317,Krystal,Meadows,171.87,Mint Chocolate Chip,France,Vanilla,0,6,0,2938
1318,Regina,Schmitt,164.14,Mint Chocolate Chip,Canada,Vanilla,1,6,0,3401
1319,Monique,Chambers,161.61,Mint Chocolate Chip,Brazil,Vanilla,1,6,0,9265
1320,Howard,York,166.9,Mint Chocolate Chip,Canada,Vanilla,1,6,0,3356
1321,Javier,Francis,169.19,Chocolate,Brazil,Vanilla,1,6,0,8277
1322,Janet,Vincent,157.89,Chocolate,Norway,Vanilla,0,6,0,13845
1323,Angelica,Houston,185.35,Vanilla,Canada,Vanilla,0,6,0,8948
1324,Michaela,Vincent,183.17,Chocolate,France,Vanilla,1,6,0,6548
1325,Sylvia,Wyatt,165.44,Mint Chocolate Chip,Brazil,Strawberry,1,6,0,11909
1326,Devin,Lane,166.9,Butter Pecan,France,Vanilla,1,6,0,10462
1327,Leah,Barr,167.66,Chocolate,Norway,Vanilla,1,6,0,7941
1328,Sabrina,Bates,170.99,Mint Chocolate Chip,Brazil,Vanilla,0,6,0,9616
1329,Cassandra,Cobb,163.03,Butter Pecan,Japan,Vanilla,1,6,0,6052
1330,Michaela,Bates,171.03,Butter Pecan,Germany,Vanilla,1,6,0,8230
1331,Caroline,Wells,164.18,Chocolate,Canada,Vanilla,0,6,0,5743
1332,Dylan,Walker,168.2,Chocolate,France,Vanilla,1,5,0,4804
1333,Dylan,Cole,174.27,Chocolate,Canada,Vanilla,0,6,0,8641
1334,Allison,Osborn,161.5,Rocky Road,France,Vanilla,1,6,0,10559
1335,Caroline,Mercado,165.44,French Vanilla,Canada,Vanilla,1,6,0,14172
1336,Ray,Washington,174.05,French Vanilla,Canada,Vanilla,1,6,0,9906
1337,Teresa,Garza,179.76,Vanilla,Brazil,Vanilla,1,6,0,8215
1338,Jeffrey,Benjamin,185.57,Chocolate,Canada,Vanilla,1,5,0,6536
1339,Jo,Hensley,180.6,Chocolate,Brazil,Vanilla,0,6,0,11431
1340,Howard,Blair,194.37,Chocolate,Norway,Vanilla,1,5,0,11909
1341,Ray,Newton,176.93,French Vanilla,Brazil,Vanilla,1,6,0,1796
1342,Jeffrey,Todd,169.9,Chocolate,Brazil,Vanilla,1,6,0,7420
1343,Jo,Cruz,156.03,Mint Chocolate Chip,Canada,Vanilla,1,5,0,4765
1344,Marcus,Goodman,170.99,Mint Chocolate Chip,Japan,Strawberry,1,6,0,11316
1345,Jo,Compton,160.29,Neapolitan,Brazil,Vanilla,1,5,0,5115
1346,Sean,Mullins,182.79,Chocolate,Brazil,Vanilla,0,6,0,3938
1347,Jeffrey,Fisher,158.07,Chocolate,Japan,Vanilla,0,6,0,6774
1348,Sabrina,Mullins,161.81,Chocolate,Canada,Vanilla,1,6,0,9519
1349,Janet,Gonzalez,181.68,Chocolate,France,Vanilla,1,6,0,5036
1350,Noah,Mathews,174.27,Butter Pecan,Japan,Vanilla,1,6,0,8227
1351,Dylan,Deleon,165.39,Mint Chocolate Chip,France,Vanilla,1,6,0,10071
1352,Sabrina,Berry,158.07,Mint Chocolate Chip,France,Vanilla,1,6,0,10272
1353,Andre,Marsh,173.08,Mint Chocolate Chip,Japan,Vanilla,1,6,0,12426
1354,Alexandra,Hansen,172.49,Chocolate,Brazil,Vanilla,1,5,0,9288
1355,Gabriela,Delacruz,157.89,Chocolate,Brazil,Vanilla,0,6,0,3306
1356,Howard,Goodman,162.97,Mint Chocolate Chip,Canada,Vanilla,1,6,0,6052
1357,Carol,Figueroa,161.99,Chocolate,Brazil,Vanilla,1,6,0,12484
1358,Nicholas,Cochran,164.4,Chocolate,Japan,Vanilla,0,6,0,7124
1359,Hector,Hamilton,168.58,Rocky Road,France,Vanilla,0,6,0,8894
1360,Dana,Hensley,174.88,Chocolate,Brazil,Vanilla,1,6,0,8074
1361,Jacqueline,Cummings,155.44,Chocolate,Brazil,Vanilla,1,6,0,6258
1362,Jo,Neal,174.84,Mint Chocolate Chip,France,Vanilla,1,5,0,4756
1363,Jermaine,Sloan,178.84,Chocolate,Norway,Vanilla,1,5,0,10837
1364,Matthew,Reeves,161.63,Vanilla,Brazil,Vanilla,1,6,0,8258
1365,Virginia,Dickson,171.03,Butter Pecan,Canada,Vanilla,1,6,0,9508
1366,Austin,Atkins,173.7,Chocolate,Japan,Vanilla,1,5,0,10403
1367,Dylan,Byrd,167.74,Mint Chocolate Chip,Canada,Vanilla,1,6,0,10961
1368,Timothy,Sherman,170.99,Chocolate,France,Vanilla,0,6,0,9260
1369,Anna,Tanner,165.2,Chocolate,Norway,Vanilla,1,6,0,10194
1370,Deanna,Carlson,170.99,Chocolate,Canada,Vanilla,0,6,0,11127
1371,Brandy,Gamble,161.88,Chocolate,Japan,Vanilla,1,6,0,10089
1372,Tyler,Crosby,172.68,Butter Pecan,Japan,Vanilla,1,5,0,5795
1373,Jo,Henry,145.04,French Vanilla,France,Vanilla,1,6,0,9906
1374,Bruce,Grant,167.5,Chocolate,Brazil,Vanilla,1,6,0,9541
1375,Summer,Mcguire,174.57,Chocolate,Brazil,Vanilla,1,6,0,7420
1376,Christopher,Vincent,187.06,Mint Chocolate Chip,France,Vanilla,0,6,0,8579
1377,Gabriela,Fernandez,166.13,Chocolate,Canada,Vanilla,1,6,0,7124
1378,Monique,Garcia,162.21,Chocolate,Japan,Vanilla,1,6,0,11248
1379,Carol,Hoffman,183.1,Chocolate,Brazil,Vanilla,1,6,0,10492
1380,Richard,Moon,170.95,Chocolate,Norway,Vanilla,0,5,0,14426
1381,Kendra,Lewis,145.88,Chocolate,Canada,Vanilla,0,6,0,9716
1382,Hector,Cochran,176.2,Chocolate,Japan,Vanilla,1,6,0,11250
1383,Leslie,Galvan,157.89,Chocolate,Canada,Vanilla,1,6,0,5537
1384,Dylan,Price,185.25,Chocolate,Canada,Vanilla,1,6,0,10279
1385,Devon,Hart,162.92,Chocolate,Germany,Vanilla,1,6,0,6288
1386,Janet,Cruz,170.12,Vanilla,Germany,Vanilla,1,6,0,3564
1387,Kendra,Davidson,168.47,Chocolate,France,Vanilla,0,6,0,8912
1388,Shaun,Crosby,184.32,Chocolate,France,Vanilla,1,6,0,7941
1389,Jermaine,Galvan,174.29,Chocolate,Brazil,Vanilla,0,6,0,4479
1390,Caroline,Green,155.44,Chocolate,Japan,Vanilla,1,6,0,12467
1391,Gabriela,Atkins,184.32,Chocolate,Brazil,Vanilla,0,6,0,4830
1392,Kathleen,Bates,169.56,Chocolate,Brazil,Vanilla,1,6,0,4227
1393,Angie,Mcguire,159.33,Chocolate,Brazil,Vanilla,1,6,0,10837
1394,George,Hamilton,178.85,Mint Chocolate Chip,Canada,Vanilla,1,6,0,4602
1395,Gabriel,Moon,186.15,Mint Chocolate Chip,Japan,Vanilla,1,6,0,7796
1396,Barry,Willis,170.86,Chocolate,Japan,Vanilla,0,5,0,3118
1397,Kathleen,Berger,156.03,Vanilla,France,Vanilla,1,6,0,10613
1398,Dylan,Butler,185.83,Chocolate,Norway,Vanilla,1,5,0,10279
1399,Jo,Willis,175.18,Chocolate,Japan,Vanilla,0,5,0,9813
1400,Dwayne,Washington,159.33,Chocolate,Brazil,Vanilla,0,6,0,9253
1401,Susan,Miranda,146.5,Butter Pecan,France,Vanilla,1,6,0,4015
1402,Dylan,Harrell,178.48,Mint Chocolate Chip,Japan,Vanilla,1,5,0,5592
1403,Heidi,Berry,171.66,Chocolate,Norway,Vanilla,1,5,0,4239
1404,Sabrina,Sutton,165.44,Neapolitan,Japan,Vanilla,1,0,0,9906
1405,Carol,Crosby,170.93,Vanilla,Norway,Vanilla,1,6,0,5701
1406,Vincent,Bradley,175.4,Chocolate,Norway,Vanilla,1,5,0,6974
1407,Anna,Wilkins,173.21,Mint Chocolate Chip,Brazil,Vanilla,1,6,0,6547
1408,Jason,Fisher,182.56,Butter Pecan,Canada,Vanilla,1,6,0,8943
1409,Richard,Peterson,178.48,Vanilla,Brazil,Vanilla,1,6,0,8948
1410,Melinda,Goodman,171.23,Chocolate,Brazil,Vanilla,0,6,0,4369
1411,Julia,Fernandez,164.79,Mint Chocolate Chip,Canada,Vanilla,1,5,0,7673
1412,Andrea,Mcintyre,161.63,Chocolate,Germany,Vanilla,1,5,0,11826
1413,Lauren,Yang,179.29,Chocolate,Norway,Vanilla,0,6,0,3962
1414,Jason,Bates,177.21,Chocolate,Norway,Vanilla,1,6,0,4000
1415,Shane,Mullins,161.5,Neapolitan,Canada,Vanilla,1,6,0,6586
1416,Felicia,Garza,179.53,Mint Chocolate Chip,Japan,Vanilla,0,5,0,8948
1417,Anna,Hoffman,172.62,Chocolate,Brazil,Strawberry,0,6,0,2812
1418,Gabriela,Jarvis,178.46,Chocolate,Canada,Vanilla,1,6,0,6547
1419,Sonya,Moody,182.57,Chocolate,Brazil,Vanilla,0,6,0,13256
1420,Caroline,Davidson,183.1,Chocolate,Brazil,Strawberry,1,5,0,10194
1421,Kristin,Franco,160.29,Chocolate,Brazil,Vanilla,1,6,0,7225
1422,Julia,Herring,160.28,Mint Chocolate Chip,Canada,Vanilla,1,0,0,9530
1423,Adrian,Sanchez,174.29,Chocolate,Germany,Strawberry,0,6,0,4265
1424,Brandy,Bates,168.42,Vanilla,Brazil,Vanilla,1,6,0,4765
1425,Teresa,Vincent,167.74,Chocolate,Canada,Vanilla,1,6,0,8797
1426,Derek,Lara,176.2,Rocky Road,Japan,Vanilla,0,6,0,8412
1427,Jo,House,160.03,French Vanilla,Brazil,Strawberry,1,6,0,10195
1428,Ronald,Garza,161.99,Chocolate,Norway,Vanilla,1,6,0,10700
1429,Christine,Francis,161.23,French Vanilla,Norway,Vanilla,0,5,0,4657
1430,Jerome,Spencer,161.81,Chocolate,Brazil,Vanilla,0,6,0,5023
1431,Allison,Oconnell,167.03,Chocolate,Brazil,Vanilla,1,5,0,4689
1432,Bruce,Moon,163.68,Mint Chocolate Chip,Brazil,Vanilla,1,6,0,9887
1433,Anna,Frazier,159.85,Mint Chocolate Chip,Canada,Strawberry,1,6,0,10225
1434,Jacqueline,Byrd,178.11,Butter Pecan,Norway,Vanilla,1,5,0,7517
1435,Christine,Acevedo,173.71,Chocolate,Brazil,Vanilla,0,6,0,5036
1436,Michaela,Acevedo,182.1,Chocolate,Brazil,Vanilla,1,5,0,7358
1437,Anna,Compton,162.97,Vanilla,Brazil,Vanilla,0,6,0,11040
1438,Amber,Malone,150.28,Butter Pecan,Canada,Vanilla,1,6,0,12077
1439,Javier,Mcguire,185.25,Butter Pecan,France,Vanilla,1,6,0,6288
1440,Marie,Craig,157.64,Chocolate,Norway,Vanilla,0,6,0,11348
1441,Lauren,Benjamin,172.98,Chocolate,Brazil,Vanilla,1,5,0,11975
1442,Barry,Terry,176.93,Chocolate,Canada,Vanilla,0,6,0,4471
1443,Danny,Compton,180.99,Chocolate,France,Vanilla,1,6,0,4690
1444,Caroline,Figueroa,147.35,Mint Chocolate Chip,Canada,Vanilla,1,6,0,5023
1445,Misty,Neal,145.88,Chocolate,Brazil,Vanilla,0,5,0,6536
1446,Amy,Newton,175.58,Chocolate,Japan,Vanilla,1,6,0,8666
1447,Amy,Wilson,174.01,Mint Chocolate Chip,Japan,Vanilla,0,6,0,10584
1448,Danny,Johns,154.41,Chocolate,Norway,Vanilla,1,6,0,10684
1449,Jillian,Bradley,179.72,French Vanilla,Canada,Vanilla,1,6,0,9504
1450,Devon,Hart,163.15,Mint Chocolate Chip,France,Vanilla,1,6,0,13109
1451,Julia,Mercado,157.89,Chocolate,Canada,Vanilla,1,6,0,12325
1452,Sylvia,Schultz,161.99,Neapolitan,Norway,Vanilla,1,6,0,3261
1453,Deanna,Berger,179.01,Chocolate,France,Vanilla,1,6,0,9530
1454,Caroline,Ballard,167.66,Chocolate,Japan,Vanilla,1,6,0,11701
1455,Jacqueline,Tanner,176.46,Chocolate,Norway,Vanilla,0,6,0,5743
1456,Howard,Burgess,182.19,Chocolate,Canada,Vanilla,0,5,0,4265
1457,Cassie,Franco,185.21,Mint Chocolate Chip,Norway,Vanilla,1,5,0,11428
1458,Sylvia,Atkins,155.33,Chocolate,Japan,Vanilla,1,6,0,8290
1459,Jonathan,Freeman,169.29,Neapolitan,Brazil,Vanilla,1,6,0,7084
1460,Ryan,Rogers,157.64,Chocolate,Japan,Vanilla,1,6,0,4372
1461,Courtney,Golden,169.13,Mint Chocolate Chip,Canada,Vanilla,1,6,0,4372
1462,Ana,Nguyen,168.26,French Vanilla,Brazil,Vanilla,0,6,0,12221
1463,Gabriela,Ibarra,178.77,Chocolate,Brazil,Vanilla,1,6,0,6548
1464,Misty,Ortega,169.9,Chocolate,Japan,Vanilla,0,6,0,6397
1465,Bonnie,James,178.26,French Vanilla,Japan,Vanilla,1,6,0,3861
1466,Ryan,Blanchard,155.4,Mint Chocolate Chip,Canada,Vanilla,0,6,0,11518
1467,Timothy,Rivas,158.86,Chocolate,Canada,Vanilla,1,6,0,10748
1468,Gabriel,Hart,178.7,Chocolate,Brazil,Vanilla,1,6,0,9508
1469,Carol,Golden,166.9,Rocky Road,Japan,Vanilla,1,6,0,9253
1470,Ronnie,Goodman,156.04,Chocolate,Germany,Vanilla,1,6,0,4546
1471,Hailey,Crosby,194.37,Chocolate,France,Strawberry,0,6,0,9957
1472,Catherine,Pham,178.11,Chocolate,Brazil,Vanilla,0,5,0,9347
1473,Erica,Webster,158.86,Chocolate,Norway,Vanilla,1,5,0,3938
1474,Allison,Anderson,170.99,Mint Chocolate Chip,Brazil,Vanilla,0,6,0,7084
1475,Whitney,Newton,178.11,Chocolate,Japan,Vanilla,1,6,0,7516
1476,Leah,Willis,178.48,Butter Pecan,Brazil,Vanilla,0,6,0,10860
1477,Derek,Figueroa,174.27,Butter Pecan,France,Vanilla,1,6,0,3564
1478,Allison,Crosby,161.99,Butter Pecan,Brazil,Vanilla,1,6,0,3462
1479,Whitney,Houston,150.28,Chocolate,Norway,Vanilla,1,5,0,11316
1480,Cassandra,Washington,182.19,Chocolate,Norway,Vanilla,0,6,0,3118
1481,Julia,Tanner,168.65,Chocolate,France,Vanilla,1,6,0,9737
1482,Jo,Blair,184.23,Chocolate,Canada,Vanilla,1,6,0,6395
1483,Whitney,Price,163.64,Mint Chocolate Chip,Japan,Strawberry,1,5,0,3731
1484,Matthew,Murillo,178.58,Chocolate,Norway,Vanilla,1,6,0,10071
1485,Bonnie,York,172.81,French Vanilla,Norway,Vanilla,1,6,0,12221
1486,Kendra,Lambert,162.39,Chocolate,France,Vanilla,1,6,0,10411
1487,Gabriel,Burgess,185.64,Chocolate,Japan,Vanilla,1,6,0,5046
1488,Teresa,Hawkins,170.86,French Vanilla,Canada,Vanilla,0,6,0,11196
1489,Greg,Collins,167.21,Chocolate,France,Vanilla,0,6,0,6824
1490,David,Washington,172.62,Chocolate,Norway,Vanilla,1,6,0,7549
1491,Brandy,Suarez,157.64,Chocolate,Brazil,Vanilla,0,6,0,3356
1492,Hailey,Mcdonald,183.4,Chocolate,Japan,Vanilla,1,6,0,10860
1493,Noah,Curry,183.47,Vanilla,Canada,Vanilla,1,6,0,4602
1494,Monique,Compton,160.56,Mint Chocolate Chip,Brazil,Vanilla,0,6,0,11250
1495,Jason,Golden,164.18,Butter Pecan,Norway,Vanilla,0,6,0,4000
1496,Howard,Yang,174.27,Chocolate,Germany,Vanilla,0,6,0,6240
1497,Allison,Hart,173.13,Vanilla,Japan,Vanilla,1,5,0,10299
1498,Dawn,Acevedo,155.34,Butter Pecan,Norway,Vanilla,1,6,0,7599
1499,Greg,Herring,168.26,Mint Chocolate Chip,Norway,Vanilla,1,6,0,11572
